question_code,assessment_id,pillar_code,question_id,value,id,created_date,updated_date,created_by_id,created_by,is_sample
"H02","6a1d9f51b30979c8195652fa","pessoas","6a194d3ea6effb42219b01bd","4","6a1d9f97370a95d4695ac764","2026-06-01T15:04:55.656000","2026-06-01T15:04:55.656000","service_6fcd586b-9f35-4a11-8d76-3c682538815e","service+6fcd586b-9f35-4a11-8d76-3c682538815e@no-reply.base44.com","false"
"S02","6a1d9f51b30979c8195652fa","seguranca","6a194d3ea6effb42219b01c2","4","6a1d9f97370a95d4695ac769","2026-06-01T15:04:55.656000","2026-06-01T15:04:55.656000","service_6fcd586b-9f35-4a11-8d76-3c682538815e","service+6fcd586b-9f35-4a11-8d76-3c682538815e@no-reply.base44.com","false"
"G02","6a1d9f51b30979c8195652fa","estrategia","6a194d3ea6effb42219b01c8","4","6a1d9f97370a95d4695ac76f","2026-06-01T15:04:55.656000","2026-06-01T15:04:55.656000","service_6fcd586b-9f35-4a11-8d76-3c682538815e","service+6fcd586b-9f35-4a11-8d76-3c682538815e@no-reply.base44.com","false"
"G01","6a1d9f51b30979c8195652fa","estrategia","6a194d3ea6effb42219b01c7","5","6a1d9f97370a95d4695ac76e","2026-06-01T15:04:55.656000","2026-06-01T15:04:55.656000","service_6fcd586b-9f35-4a11-8d76-3c682538815e","service+6fcd586b-9f35-4a11-8d76-3c682538815e@no-reply.base44.com","false"
"S06","6a1d9f51b30979c8195652fa","seguranca","6a194d3ea6effb42219b01c6","5","6a1d9f97370a95d4695ac76d","2026-06-01T15:04:55.656000","2026-06-01T15:04:55.656000","service_6fcd586b-9f35-4a11-8d76-3c682538815e","service+6fcd586b-9f35-4a11-8d76-3c682538815e@no-reply.base44.com","false"
"G04","6a1d9f51b30979c8195652fa","estrategia","6a194d3ea6effb42219b01ca","5","6a1d9f97370a95d4695ac771","2026-06-01T15:04:55.656000","2026-06-01T15:04:55.656000","service_6fcd586b-9f35-4a11-8d76-3c682538815e","service+6fcd586b-9f35-4a11-8d76-3c682538815e@no-reply.base44.com","false"
"S05","6a1d9f51b30979c8195652fa","seguranca","6a194d3ea6effb42219b01c5","5","6a1d9f97370a95d4695ac76c","2026-06-01T15:04:55.656000","2026-06-01T15:04:55.656000","service_6fcd586b-9f35-4a11-8d76-3c682538815e","service+6fcd586b-9f35-4a11-8d76-3c682538815e@no-reply.base44.com","false"
"H03","6a1d9f51b30979c8195652fa","pessoas","6a194d3ea6effb42219b01be","4","6a1d9f97370a95d4695ac765","2026-06-01T15:04:55.656000","2026-06-01T15:04:55.656000","service_6fcd586b-9f35-4a11-8d76-3c682538815e","service+6fcd586b-9f35-4a11-8d76-3c682538815e@no-reply.base44.com","false"
"H04","6a1d9f51b30979c8195652fa","pessoas","6a194d3ea6effb42219b01bf","3","6a1d9f97370a95d4695ac766","2026-06-01T15:04:55.656000","2026-06-01T15:04:55.656000","service_6fcd586b-9f35-4a11-8d76-3c682538815e","service+6fcd586b-9f35-4a11-8d76-3c682538815e@no-reply.base44.com","false"
"S01","6a1d9f51b30979c8195652fa","seguranca","6a194d3ea6effb42219b01c1","4","6a1d9f97370a95d4695ac768","2026-06-01T15:04:55.656000","2026-06-01T15:04:55.656000","service_6fcd586b-9f35-4a11-8d76-3c682538815e","service+6fcd586b-9f35-4a11-8d76-3c682538815e@no-reply.base44.com","false"
"S03","6a1d9f51b30979c8195652fa","seguranca","6a194d3ea6effb42219b01c3","5","6a1d9f97370a95d4695ac76a","2026-06-01T15:04:55.656000","2026-06-01T15:04:55.656000","service_6fcd586b-9f35-4a11-8d76-3c682538815e","service+6fcd586b-9f35-4a11-8d76-3c682538815e@no-reply.base44.com","false"
"G03","6a1d9f51b30979c8195652fa","estrategia","6a194d3ea6effb42219b01c9","5","6a1d9f97370a95d4695ac770","2026-06-01T15:04:55.656000","2026-06-01T15:04:55.656000","service_6fcd586b-9f35-4a11-8d76-3c682538815e","service+6fcd586b-9f35-4a11-8d76-3c682538815e@no-reply.base44.com","false"
"H05","6a1d9f51b30979c8195652fa","pessoas","6a194d3ea6effb42219b01c0","4","6a1d9f97370a95d4695ac767","2026-06-01T15:04:55.656000","2026-06-01T15:04:55.656000","service_6fcd586b-9f35-4a11-8d76-3c682538815e","service+6fcd586b-9f35-4a11-8d76-3c682538815e@no-reply.base44.com","false"
"S04","6a1d9f51b30979c8195652fa","seguranca","6a194d3ea6effb42219b01c4","4","6a1d9f97370a95d4695ac76b","2026-06-01T15:04:55.656000","2026-06-01T15:04:55.656000","service_6fcd586b-9f35-4a11-8d76-3c682538815e","service+6fcd586b-9f35-4a11-8d76-3c682538815e@no-reply.base44.com","false"
"D01","6a1d9f51b30979c8195652fa","dados","6a194d3ea6effb42219b01aa","2","6a1d9f97370a95d4695ac751","2026-06-01T15:04:55.655000","2026-06-01T15:04:55.655000","service_6fcd586b-9f35-4a11-8d76-3c682538815e","service+6fcd586b-9f35-4a11-8d76-3c682538815e@no-reply.base44.com","false"
"T02","6a1d9f51b30979c8195652fa","tecnologia","6a194d3ea6effb42219b01b3","2","6a1d9f97370a95d4695ac75a","2026-06-01T15:04:55.655000","2026-06-01T15:04:55.655000","service_6fcd586b-9f35-4a11-8d76-3c682538815e","service+6fcd586b-9f35-4a11-8d76-3c682538815e@no-reply.base44.com","false"
"H01","6a1d9f51b30979c8195652fa","pessoas","6a194d3ea6effb42219b01bc","3","6a1d9f97370a95d4695ac763","2026-06-01T15:04:55.655000","2026-06-01T15:04:55.655000","service_6fcd586b-9f35-4a11-8d76-3c682538815e","service+6fcd586b-9f35-4a11-8d76-3c682538815e@no-reply.base44.com","false"
"P01","6a1d9f51b30979c8195652fa","processos","6a194d3ea6effb42219b01b7","2","6a1d9f97370a95d4695ac75e","2026-06-01T15:04:55.655000","2026-06-01T15:04:55.655000","service_6fcd586b-9f35-4a11-8d76-3c682538815e","service+6fcd586b-9f35-4a11-8d76-3c682538815e@no-reply.base44.com","false"
"T03","6a1d9f51b30979c8195652fa","tecnologia","6a194d3ea6effb42219b01b4","1","6a1d9f97370a95d4695ac75b","2026-06-01T15:04:55.655000","2026-06-01T15:04:55.655000","service_6fcd586b-9f35-4a11-8d76-3c682538815e","service+6fcd586b-9f35-4a11-8d76-3c682538815e@no-reply.base44.com","false"
"P02","6a1d9f51b30979c8195652fa","processos","6a194d3ea6effb42219b01b8","3","6a1d9f97370a95d4695ac75f","2026-06-01T15:04:55.655000","2026-06-01T15:04:55.655000","service_6fcd586b-9f35-4a11-8d76-3c682538815e","service+6fcd586b-9f35-4a11-8d76-3c682538815e@no-reply.base44.com","false"
"D04","6a1d9f51b30979c8195652fa","dados","6a194d3ea6effb42219b01ad","1","6a1d9f97370a95d4695ac754","2026-06-01T15:04:55.655000","2026-06-01T15:04:55.655000","service_6fcd586b-9f35-4a11-8d76-3c682538815e","service+6fcd586b-9f35-4a11-8d76-3c682538815e@no-reply.base44.com","false"
"T01","6a1d9f51b30979c8195652fa","tecnologia","6a194d3ea6effb42219b01b2","1","6a1d9f97370a95d4695ac759","2026-06-01T15:04:55.655000","2026-06-01T15:04:55.655000","service_6fcd586b-9f35-4a11-8d76-3c682538815e","service+6fcd586b-9f35-4a11-8d76-3c682538815e@no-reply.base44.com","false"
"P04","6a1d9f51b30979c8195652fa","processos","6a194d3ea6effb42219b01ba","4","6a1d9f97370a95d4695ac761","2026-06-01T15:04:55.655000","2026-06-01T15:04:55.655000","service_6fcd586b-9f35-4a11-8d76-3c682538815e","service+6fcd586b-9f35-4a11-8d76-3c682538815e@no-reply.base44.com","false"
"D07","6a1d9f51b30979c8195652fa","dados","6a194d3ea6effb42219b01b0","1","6a1d9f97370a95d4695ac757","2026-06-01T15:04:55.655000","2026-06-01T15:04:55.655000","service_6fcd586b-9f35-4a11-8d76-3c682538815e","service+6fcd586b-9f35-4a11-8d76-3c682538815e@no-reply.base44.com","false"
"D08","6a1d9f51b30979c8195652fa","dados","6a194d3ea6effb42219b01b1","1","6a1d9f97370a95d4695ac758","2026-06-01T15:04:55.655000","2026-06-01T15:04:55.655000","service_6fcd586b-9f35-4a11-8d76-3c682538815e","service+6fcd586b-9f35-4a11-8d76-3c682538815e@no-reply.base44.com","false"
"D02","6a1d9f51b30979c8195652fa","dados","6a194d3ea6effb42219b01ab","3","6a1d9f97370a95d4695ac752","2026-06-01T15:04:55.655000","2026-06-01T15:04:55.655000","service_6fcd586b-9f35-4a11-8d76-3c682538815e","service+6fcd586b-9f35-4a11-8d76-3c682538815e@no-reply.base44.com","false"
"T05","6a1d9f51b30979c8195652fa","tecnologia","6a194d3ea6effb42219b01b6","3","6a1d9f97370a95d4695ac75d","2026-06-01T15:04:55.655000","2026-06-01T15:04:55.655000","service_6fcd586b-9f35-4a11-8d76-3c682538815e","service+6fcd586b-9f35-4a11-8d76-3c682538815e@no-reply.base44.com","false"
"D05","6a1d9f51b30979c8195652fa","dados","6a194d3ea6effb42219b01ae","1","6a1d9f97370a95d4695ac755","2026-06-01T15:04:55.655000","2026-06-01T15:04:55.655000","service_6fcd586b-9f35-4a11-8d76-3c682538815e","service+6fcd586b-9f35-4a11-8d76-3c682538815e@no-reply.base44.com","false"
"P05","6a1d9f51b30979c8195652fa","processos","6a194d3ea6effb42219b01bb","3","6a1d9f97370a95d4695ac762","2026-06-01T15:04:55.655000","2026-06-01T15:04:55.655000","service_6fcd586b-9f35-4a11-8d76-3c682538815e","service+6fcd586b-9f35-4a11-8d76-3c682538815e@no-reply.base44.com","false"
"D06","6a1d9f51b30979c8195652fa","dados","6a194d3ea6effb42219b01af","2","6a1d9f97370a95d4695ac756","2026-06-01T15:04:55.655000","2026-06-01T15:04:55.655000","service_6fcd586b-9f35-4a11-8d76-3c682538815e","service+6fcd586b-9f35-4a11-8d76-3c682538815e@no-reply.base44.com","false"
"D03","6a1d9f51b30979c8195652fa","dados","6a194d3ea6effb42219b01ac","2","6a1d9f97370a95d4695ac753","2026-06-01T15:04:55.655000","2026-06-01T15:04:55.655000","service_6fcd586b-9f35-4a11-8d76-3c682538815e","service+6fcd586b-9f35-4a11-8d76-3c682538815e@no-reply.base44.com","false"
"T04","6a1d9f51b30979c8195652fa","tecnologia","6a194d3ea6effb42219b01b5","2","6a1d9f97370a95d4695ac75c","2026-06-01T15:04:55.655000","2026-06-01T15:04:55.655000","service_6fcd586b-9f35-4a11-8d76-3c682538815e","service+6fcd586b-9f35-4a11-8d76-3c682538815e@no-reply.base44.com","false"
"P03","6a1d9f51b30979c8195652fa","processos","6a194d3ea6effb42219b01b9","3","6a1d9f97370a95d4695ac760","2026-06-01T15:04:55.655000","2026-06-01T15:04:55.655000","service_6fcd586b-9f35-4a11-8d76-3c682538815e","service+6fcd586b-9f35-4a11-8d76-3c682538815e@no-reply.base44.com","false"
"DP03","6a1d71d7e0fa27a8aa2ae385","ds_privacidade","6a1af4e254e290ad18ef6fee","2","6a1d8c4e961738cb670d9115","2026-06-01T13:42:38.686000","2026-06-01T13:42:38.686000","service_6fcd586b-9f35-4a11-8d76-3c682538815e","service+6fcd586b-9f35-4a11-8d76-3c682538815e@no-reply.base44.com","false"
"DP04","6a1d71d7e0fa27a8aa2ae385","ds_privacidade","6a1af4e254e290ad18ef6fef","3","6a1d8c4e961738cb670d9116","2026-06-01T13:42:38.686000","2026-06-01T13:42:38.686000","service_6fcd586b-9f35-4a11-8d76-3c682538815e","service+6fcd586b-9f35-4a11-8d76-3c682538815e@no-reply.base44.com","false"
"DP05","6a1d71d7e0fa27a8aa2ae385","ds_privacidade","6a1af4e254e290ad18ef6ff0","3","6a1d8c4e961738cb670d9117","2026-06-01T13:42:38.686000","2026-06-01T13:42:38.686000","service_6fcd586b-9f35-4a11-8d76-3c682538815e","service+6fcd586b-9f35-4a11-8d76-3c682538815e@no-reply.base44.com","false"
"DP06","6a1d71d7e0fa27a8aa2ae385","ds_privacidade","6a1af4e254e290ad18ef6ff1","2","6a1d8c4e961738cb670d9118","2026-06-01T13:42:38.686000","2026-06-01T13:42:38.686000","service_6fcd586b-9f35-4a11-8d76-3c682538815e","service+6fcd586b-9f35-4a11-8d76-3c682538815e@no-reply.base44.com","false"
"DQ01","6a1d71d7e0fa27a8aa2ae385","ds_qualidade","6a1af4e254e290ad18ef6fcb","2","6a1d8c4e961738cb670d90f2","2026-06-01T13:42:38.685000","2026-06-01T13:42:38.685000","service_6fcd586b-9f35-4a11-8d76-3c682538815e","service+6fcd586b-9f35-4a11-8d76-3c682538815e@no-reply.base44.com","false"
"DQ02","6a1d71d7e0fa27a8aa2ae385","ds_qualidade","6a1af4e254e290ad18ef6fcc","4","6a1d8c4e961738cb670d90f3","2026-06-01T13:42:38.685000","2026-06-01T13:42:38.685000","service_6fcd586b-9f35-4a11-8d76-3c682538815e","service+6fcd586b-9f35-4a11-8d76-3c682538815e@no-reply.base44.com","false"
"DQ03","6a1d71d7e0fa27a8aa2ae385","ds_qualidade","6a1af4e254e290ad18ef6fcd","2","6a1d8c4e961738cb670d90f4","2026-06-01T13:42:38.685000","2026-06-01T13:42:38.685000","service_6fcd586b-9f35-4a11-8d76-3c682538815e","service+6fcd586b-9f35-4a11-8d76-3c682538815e@no-reply.base44.com","false"
"DQ04","6a1d71d7e0fa27a8aa2ae385","ds_qualidade","6a1af4e254e290ad18ef6fce","1","6a1d8c4e961738cb670d90f5","2026-06-01T13:42:38.685000","2026-06-01T13:42:38.685000","service_6fcd586b-9f35-4a11-8d76-3c682538815e","service+6fcd586b-9f35-4a11-8d76-3c682538815e@no-reply.base44.com","false"
"DQ05","6a1d71d7e0fa27a8aa2ae385","ds_qualidade","6a1af4e254e290ad18ef6fcf","1","6a1d8c4e961738cb670d90f6","2026-06-01T13:42:38.685000","2026-06-01T13:42:38.685000","service_6fcd586b-9f35-4a11-8d76-3c682538815e","service+6fcd586b-9f35-4a11-8d76-3c682538815e@no-reply.base44.com","false"
"DV01","6a1d71d7e0fa27a8aa2ae385","ds_completude","6a1af4e254e290ad18ef6fd0","4","6a1d8c4e961738cb670d90f7","2026-06-01T13:42:38.685000","2026-06-01T13:42:38.685000","service_6fcd586b-9f35-4a11-8d76-3c682538815e","service+6fcd586b-9f35-4a11-8d76-3c682538815e@no-reply.base44.com","false"
"DV02","6a1d71d7e0fa27a8aa2ae385","ds_completude","6a1af4e254e290ad18ef6fd1","2","6a1d8c4e961738cb670d90f8","2026-06-01T13:42:38.685000","2026-06-01T13:42:38.685000","service_6fcd586b-9f35-4a11-8d76-3c682538815e","service+6fcd586b-9f35-4a11-8d76-3c682538815e@no-reply.base44.com","false"
"DV03","6a1d71d7e0fa27a8aa2ae385","ds_completude","6a1af4e254e290ad18ef6fd2","2","6a1d8c4e961738cb670d90f9","2026-06-01T13:42:38.685000","2026-06-01T13:42:38.685000","service_6fcd586b-9f35-4a11-8d76-3c682538815e","service+6fcd586b-9f35-4a11-8d76-3c682538815e@no-reply.base44.com","false"
"DV04","6a1d71d7e0fa27a8aa2ae385","ds_completude","6a1af4e254e290ad18ef6fd3","1","6a1d8c4e961738cb670d90fa","2026-06-01T13:42:38.685000","2026-06-01T13:42:38.685000","service_6fcd586b-9f35-4a11-8d76-3c682538815e","service+6fcd586b-9f35-4a11-8d76-3c682538815e@no-reply.base44.com","false"
"DV05","6a1d71d7e0fa27a8aa2ae385","ds_completude","6a1af4e254e290ad18ef6fd4","3","6a1d8c4e961738cb670d90fb","2026-06-01T13:42:38.685000","2026-06-01T13:42:38.685000","service_6fcd586b-9f35-4a11-8d76-3c682538815e","service+6fcd586b-9f35-4a11-8d76-3c682538815e@no-reply.base44.com","false"
"DC01","6a1d71d7e0fa27a8aa2ae385","ds_consistencia","6a1af4e254e290ad18ef6fd5","1","6a1d8c4e961738cb670d90fc","2026-06-01T13:42:38.685000","2026-06-01T13:42:38.685000","service_6fcd586b-9f35-4a11-8d76-3c682538815e","service+6fcd586b-9f35-4a11-8d76-3c682538815e@no-reply.base44.com","false"
"DC02","6a1d71d7e0fa27a8aa2ae385","ds_consistencia","6a1af4e254e290ad18ef6fd6","3","6a1d8c4e961738cb670d90fd","2026-06-01T13:42:38.685000","2026-06-01T13:42:38.685000","service_6fcd586b-9f35-4a11-8d76-3c682538815e","service+6fcd586b-9f35-4a11-8d76-3c682538815e@no-reply.base44.com","false"
"DC03","6a1d71d7e0fa27a8aa2ae385","ds_consistencia","6a1af4e254e290ad18ef6fd7","2","6a1d8c4e961738cb670d90fe","2026-06-01T13:42:38.685000","2026-06-01T13:42:38.685000","service_6fcd586b-9f35-4a11-8d76-3c682538815e","service+6fcd586b-9f35-4a11-8d76-3c682538815e@no-reply.base44.com","false"
"DC04","6a1d71d7e0fa27a8aa2ae385","ds_consistencia","6a1af4e254e290ad18ef6fd8","4","6a1d8c4e961738cb670d90ff","2026-06-01T13:42:38.685000","2026-06-01T13:42:38.685000","service_6fcd586b-9f35-4a11-8d76-3c682538815e","service+6fcd586b-9f35-4a11-8d76-3c682538815e@no-reply.base44.com","false"
"DC05","6a1d71d7e0fa27a8aa2ae385","ds_consistencia","6a1af4e254e290ad18ef6fd9","4","6a1d8c4e961738cb670d9100","2026-06-01T13:42:38.685000","2026-06-01T13:42:38.685000","service_6fcd586b-9f35-4a11-8d76-3c682538815e","service+6fcd586b-9f35-4a11-8d76-3c682538815e@no-reply.base44.com","false"
"DA01","6a1d71d7e0fa27a8aa2ae385","ds_atualidade","6a1af4e254e290ad18ef6fda","2","6a1d8c4e961738cb670d9101","2026-06-01T13:42:38.685000","2026-06-01T13:42:38.685000","service_6fcd586b-9f35-4a11-8d76-3c682538815e","service+6fcd586b-9f35-4a11-8d76-3c682538815e@no-reply.base44.com","false"
"DA02","6a1d71d7e0fa27a8aa2ae385","ds_atualidade","6a1af4e254e290ad18ef6fdb","5","6a1d8c4e961738cb670d9102","2026-06-01T13:42:38.685000","2026-06-01T13:42:38.685000","service_6fcd586b-9f35-4a11-8d76-3c682538815e","service+6fcd586b-9f35-4a11-8d76-3c682538815e@no-reply.base44.com","false"
"DA03","6a1d71d7e0fa27a8aa2ae385","ds_atualidade","6a1af4e254e290ad18ef6fdc","4","6a1d8c4e961738cb670d9103","2026-06-01T13:42:38.685000","2026-06-01T13:42:38.685000","service_6fcd586b-9f35-4a11-8d76-3c682538815e","service+6fcd586b-9f35-4a11-8d76-3c682538815e@no-reply.base44.com","false"
"DA04","6a1d71d7e0fa27a8aa2ae385","ds_atualidade","6a1af4e254e290ad18ef6fdd","2","6a1d8c4e961738cb670d9104","2026-06-01T13:42:38.685000","2026-06-01T13:42:38.685000","service_6fcd586b-9f35-4a11-8d76-3c682538815e","service+6fcd586b-9f35-4a11-8d76-3c682538815e@no-reply.base44.com","false"
"DI01","6a1d71d7e0fa27a8aa2ae385","ds_acessibilidade","6a1af4e254e290ad18ef6fde","4","6a1d8c4e961738cb670d9105","2026-06-01T13:42:38.685000","2026-06-01T13:42:38.685000","service_6fcd586b-9f35-4a11-8d76-3c682538815e","service+6fcd586b-9f35-4a11-8d76-3c682538815e@no-reply.base44.com","false"
"DI02","6a1d71d7e0fa27a8aa2ae385","ds_acessibilidade","6a1af4e254e290ad18ef6fdf","4","6a1d8c4e961738cb670d9106","2026-06-01T13:42:38.685000","2026-06-01T13:42:38.685000","service_6fcd586b-9f35-4a11-8d76-3c682538815e","service+6fcd586b-9f35-4a11-8d76-3c682538815e@no-reply.base44.com","false"
"DI03","6a1d71d7e0fa27a8aa2ae385","ds_acessibilidade","6a1af4e254e290ad18ef6fe0","2","6a1d8c4e961738cb670d9107","2026-06-01T13:42:38.685000","2026-06-01T13:42:38.685000","service_6fcd586b-9f35-4a11-8d76-3c682538815e","service+6fcd586b-9f35-4a11-8d76-3c682538815e@no-reply.base44.com","false"
"DI04","6a1d71d7e0fa27a8aa2ae385","ds_acessibilidade","6a1af4e254e290ad18ef6fe1","3","6a1d8c4e961738cb670d9108","2026-06-01T13:42:38.685000","2026-06-01T13:42:38.685000","service_6fcd586b-9f35-4a11-8d76-3c682538815e","service+6fcd586b-9f35-4a11-8d76-3c682538815e@no-reply.base44.com","false"
"DI05","6a1d71d7e0fa27a8aa2ae385","ds_acessibilidade","6a1af4e254e290ad18ef6fe2","1","6a1d8c4e961738cb670d9109","2026-06-01T13:42:38.685000","2026-06-01T13:42:38.685000","service_6fcd586b-9f35-4a11-8d76-3c682538815e","service+6fcd586b-9f35-4a11-8d76-3c682538815e@no-reply.base44.com","false"
"DL01","6a1d71d7e0fa27a8aa2ae385","ds_arquitetura","6a1af4e254e290ad18ef6fe3","2","6a1d8c4e961738cb670d910a","2026-06-01T13:42:38.685000","2026-06-01T13:42:38.685000","service_6fcd586b-9f35-4a11-8d76-3c682538815e","service+6fcd586b-9f35-4a11-8d76-3c682538815e@no-reply.base44.com","false"
"DL02","6a1d71d7e0fa27a8aa2ae385","ds_arquitetura","6a1af4e254e290ad18ef6fe4","3","6a1d8c4e961738cb670d910b","2026-06-01T13:42:38.685000","2026-06-01T13:42:38.685000","service_6fcd586b-9f35-4a11-8d76-3c682538815e","service+6fcd586b-9f35-4a11-8d76-3c682538815e@no-reply.base44.com","false"
"DL03","6a1d71d7e0fa27a8aa2ae385","ds_arquitetura","6a1af4e254e290ad18ef6fe5","2","6a1d8c4e961738cb670d910c","2026-06-01T13:42:38.685000","2026-06-01T13:42:38.685000","service_6fcd586b-9f35-4a11-8d76-3c682538815e","service+6fcd586b-9f35-4a11-8d76-3c682538815e@no-reply.base44.com","false"
"DL04","6a1d71d7e0fa27a8aa2ae385","ds_arquitetura","6a1af4e254e290ad18ef6fe6","2","6a1d8c4e961738cb670d910d","2026-06-01T13:42:38.685000","2026-06-01T13:42:38.685000","service_6fcd586b-9f35-4a11-8d76-3c682538815e","service+6fcd586b-9f35-4a11-8d76-3c682538815e@no-reply.base44.com","false"
"DM01","6a1d71d7e0fa27a8aa2ae385","ds_documentacao","6a1af4e254e290ad18ef6fe7","3","6a1d8c4e961738cb670d910e","2026-06-01T13:42:38.685000","2026-06-01T13:42:38.685000","service_6fcd586b-9f35-4a11-8d76-3c682538815e","service+6fcd586b-9f35-4a11-8d76-3c682538815e@no-reply.base44.com","false"
"DM02","6a1d71d7e0fa27a8aa2ae385","ds_documentacao","6a1af4e254e290ad18ef6fe8","4","6a1d8c4e961738cb670d910f","2026-06-01T13:42:38.685000","2026-06-01T13:42:38.685000","service_6fcd586b-9f35-4a11-8d76-3c682538815e","service+6fcd586b-9f35-4a11-8d76-3c682538815e@no-reply.base44.com","false"
"DM03","6a1d71d7e0fa27a8aa2ae385","ds_documentacao","6a1af4e254e290ad18ef6fe9","3","6a1d8c4e961738cb670d9110","2026-06-01T13:42:38.685000","2026-06-01T13:42:38.685000","service_6fcd586b-9f35-4a11-8d76-3c682538815e","service+6fcd586b-9f35-4a11-8d76-3c682538815e@no-reply.base44.com","false"
"DM04","6a1d71d7e0fa27a8aa2ae385","ds_documentacao","6a1af4e254e290ad18ef6fea","3","6a1d8c4e961738cb670d9111","2026-06-01T13:42:38.685000","2026-06-01T13:42:38.685000","service_6fcd586b-9f35-4a11-8d76-3c682538815e","service+6fcd586b-9f35-4a11-8d76-3c682538815e@no-reply.base44.com","false"
"DM05","6a1d71d7e0fa27a8aa2ae385","ds_documentacao","6a1af4e254e290ad18ef6feb","1","6a1d8c4e961738cb670d9112","2026-06-01T13:42:38.685000","2026-06-01T13:42:38.685000","service_6fcd586b-9f35-4a11-8d76-3c682538815e","service+6fcd586b-9f35-4a11-8d76-3c682538815e@no-reply.base44.com","false"
"DP01","6a1d71d7e0fa27a8aa2ae385","ds_privacidade","6a1af4e254e290ad18ef6fec","4","6a1d8c4e961738cb670d9113","2026-06-01T13:42:38.685000","2026-06-01T13:42:38.685000","service_6fcd586b-9f35-4a11-8d76-3c682538815e","service+6fcd586b-9f35-4a11-8d76-3c682538815e@no-reply.base44.com","false"
"DP02","6a1d71d7e0fa27a8aa2ae385","ds_privacidade","6a1af4e254e290ad18ef6fed","2","6a1d8c4e961738cb670d9114","2026-06-01T13:42:38.685000","2026-06-01T13:42:38.685000","service_6fcd586b-9f35-4a11-8d76-3c682538815e","service+6fcd586b-9f35-4a11-8d76-3c682538815e@no-reply.base44.com","false"
"D01","6a1d6f19977f8103524ae5ca","dados","6a194d3ea6effb42219b01aa","1","6a1d71d45de33eb6008cbe3c","2026-06-01T11:49:40.596000","2026-06-01T11:49:40.596000","service_6fcd586b-9f35-4a11-8d76-3c682538815e","service+6fcd586b-9f35-4a11-8d76-3c682538815e@no-reply.base44.com","false"
"D08","6a1d6f19977f8103524ae5ca","dados","6a194d3ea6effb42219b01b1","1","6a1d71d45de33eb6008cbe43","2026-06-01T11:49:40.596000","2026-06-01T11:49:40.596000","service_6fcd586b-9f35-4a11-8d76-3c682538815e","service+6fcd586b-9f35-4a11-8d76-3c682538815e@no-reply.base44.com","false"
"H03","6a1d6f19977f8103524ae5ca","pessoas","6a194d3ea6effb42219b01be","2","6a1d71d45de33eb6008cbe50","2026-06-01T11:49:40.596000","2026-06-01T11:49:40.596000","service_6fcd586b-9f35-4a11-8d76-3c682538815e","service+6fcd586b-9f35-4a11-8d76-3c682538815e@no-reply.base44.com","false"
"S04","6a1d6f19977f8103524ae5ca","seguranca","6a194d3ea6effb42219b01c4","2","6a1d71d45de33eb6008cbe56","2026-06-01T11:49:40.596000","2026-06-01T11:49:40.596000","service_6fcd586b-9f35-4a11-8d76-3c682538815e","service+6fcd586b-9f35-4a11-8d76-3c682538815e@no-reply.base44.com","false"
"S05","6a1d6f19977f8103524ae5ca","seguranca","6a194d3ea6effb42219b01c5","1","6a1d71d45de33eb6008cbe57","2026-06-01T11:49:40.596000","2026-06-01T11:49:40.596000","service_6fcd586b-9f35-4a11-8d76-3c682538815e","service+6fcd586b-9f35-4a11-8d76-3c682538815e@no-reply.base44.com","false"
"D06","6a1d6f19977f8103524ae5ca","dados","6a194d3ea6effb42219b01af","1","6a1d71d45de33eb6008cbe41","2026-06-01T11:49:40.596000","2026-06-01T11:49:40.596000","service_6fcd586b-9f35-4a11-8d76-3c682538815e","service+6fcd586b-9f35-4a11-8d76-3c682538815e@no-reply.base44.com","false"
"T05","6a1d6f19977f8103524ae5ca","tecnologia","6a194d3ea6effb42219b01b6","3","6a1d71d45de33eb6008cbe48","2026-06-01T11:49:40.596000","2026-06-01T11:49:40.596000","service_6fcd586b-9f35-4a11-8d76-3c682538815e","service+6fcd586b-9f35-4a11-8d76-3c682538815e@no-reply.base44.com","false"
"P01","6a1d6f19977f8103524ae5ca","processos","6a194d3ea6effb42219b01b7","4","6a1d71d45de33eb6008cbe49","2026-06-01T11:49:40.596000","2026-06-01T11:49:40.596000","service_6fcd586b-9f35-4a11-8d76-3c682538815e","service+6fcd586b-9f35-4a11-8d76-3c682538815e@no-reply.base44.com","false"
"S01","6a1d6f19977f8103524ae5ca","seguranca","6a194d3ea6effb42219b01c1","3","6a1d71d45de33eb6008cbe53","2026-06-01T11:49:40.596000","2026-06-01T11:49:40.596000","service_6fcd586b-9f35-4a11-8d76-3c682538815e","service+6fcd586b-9f35-4a11-8d76-3c682538815e@no-reply.base44.com","false"
"H01","6a1d6f19977f8103524ae5ca","pessoas","6a194d3ea6effb42219b01bc","2","6a1d71d45de33eb6008cbe4e","2026-06-01T11:49:40.596000","2026-06-01T11:49:40.596000","service_6fcd586b-9f35-4a11-8d76-3c682538815e","service+6fcd586b-9f35-4a11-8d76-3c682538815e@no-reply.base44.com","false"
"H05","6a1d6f19977f8103524ae5ca","pessoas","6a194d3ea6effb42219b01c0","3","6a1d71d45de33eb6008cbe52","2026-06-01T11:49:40.596000","2026-06-01T11:49:40.596000","service_6fcd586b-9f35-4a11-8d76-3c682538815e","service+6fcd586b-9f35-4a11-8d76-3c682538815e@no-reply.base44.com","false"
"G02","6a1d6f19977f8103524ae5ca","estrategia","6a194d3ea6effb42219b01c8","3","6a1d71d45de33eb6008cbe5a","2026-06-01T11:49:40.596000","2026-06-01T11:49:40.596000","service_6fcd586b-9f35-4a11-8d76-3c682538815e","service+6fcd586b-9f35-4a11-8d76-3c682538815e@no-reply.base44.com","false"
"G04","6a1d6f19977f8103524ae5ca","estrategia","6a194d3ea6effb42219b01ca","2","6a1d71d45de33eb6008cbe5c","2026-06-01T11:49:40.596000","2026-06-01T11:49:40.596000","service_6fcd586b-9f35-4a11-8d76-3c682538815e","service+6fcd586b-9f35-4a11-8d76-3c682538815e@no-reply.base44.com","false"
"D02","6a1d6f19977f8103524ae5ca","dados","6a194d3ea6effb42219b01ab","1","6a1d71d45de33eb6008cbe3d","2026-06-01T11:49:40.596000","2026-06-01T11:49:40.596000","service_6fcd586b-9f35-4a11-8d76-3c682538815e","service+6fcd586b-9f35-4a11-8d76-3c682538815e@no-reply.base44.com","false"
"T04","6a1d6f19977f8103524ae5ca","tecnologia","6a194d3ea6effb42219b01b5","3","6a1d71d45de33eb6008cbe47","2026-06-01T11:49:40.596000","2026-06-01T11:49:40.596000","service_6fcd586b-9f35-4a11-8d76-3c682538815e","service+6fcd586b-9f35-4a11-8d76-3c682538815e@no-reply.base44.com","false"
"P03","6a1d6f19977f8103524ae5ca","processos","6a194d3ea6effb42219b01b9","3","6a1d71d45de33eb6008cbe4b","2026-06-01T11:49:40.596000","2026-06-01T11:49:40.596000","service_6fcd586b-9f35-4a11-8d76-3c682538815e","service+6fcd586b-9f35-4a11-8d76-3c682538815e@no-reply.base44.com","false"
"S06","6a1d6f19977f8103524ae5ca","seguranca","6a194d3ea6effb42219b01c6","3","6a1d71d45de33eb6008cbe58","2026-06-01T11:49:40.596000","2026-06-01T11:49:40.596000","service_6fcd586b-9f35-4a11-8d76-3c682538815e","service+6fcd586b-9f35-4a11-8d76-3c682538815e@no-reply.base44.com","false"
"D04","6a1d6f19977f8103524ae5ca","dados","6a194d3ea6effb42219b01ad","1","6a1d71d45de33eb6008cbe3f","2026-06-01T11:49:40.596000","2026-06-01T11:49:40.596000","service_6fcd586b-9f35-4a11-8d76-3c682538815e","service+6fcd586b-9f35-4a11-8d76-3c682538815e@no-reply.base44.com","false"
"D07","6a1d6f19977f8103524ae5ca","dados","6a194d3ea6effb42219b01b0","1","6a1d71d45de33eb6008cbe42","2026-06-01T11:49:40.596000","2026-06-01T11:49:40.596000","service_6fcd586b-9f35-4a11-8d76-3c682538815e","service+6fcd586b-9f35-4a11-8d76-3c682538815e@no-reply.base44.com","false"
"T03","6a1d6f19977f8103524ae5ca","tecnologia","6a194d3ea6effb42219b01b4","2","6a1d71d45de33eb6008cbe46","2026-06-01T11:49:40.596000","2026-06-01T11:49:40.596000","service_6fcd586b-9f35-4a11-8d76-3c682538815e","service+6fcd586b-9f35-4a11-8d76-3c682538815e@no-reply.base44.com","false"
"P02","6a1d6f19977f8103524ae5ca","processos","6a194d3ea6effb42219b01b8","3","6a1d71d45de33eb6008cbe4a","2026-06-01T11:49:40.596000","2026-06-01T11:49:40.596000","service_6fcd586b-9f35-4a11-8d76-3c682538815e","service+6fcd586b-9f35-4a11-8d76-3c682538815e@no-reply.base44.com","false"
"S02","6a1d6f19977f8103524ae5ca","seguranca","6a194d3ea6effb42219b01c2","4","6a1d71d45de33eb6008cbe54","2026-06-01T11:49:40.596000","2026-06-01T11:49:40.596000","service_6fcd586b-9f35-4a11-8d76-3c682538815e","service+6fcd586b-9f35-4a11-8d76-3c682538815e@no-reply.base44.com","false"
"S03","6a1d6f19977f8103524ae5ca","seguranca","6a194d3ea6effb42219b01c3","2","6a1d71d45de33eb6008cbe55","2026-06-01T11:49:40.596000","2026-06-01T11:49:40.596000","service_6fcd586b-9f35-4a11-8d76-3c682538815e","service+6fcd586b-9f35-4a11-8d76-3c682538815e@no-reply.base44.com","false"
"H04","6a1d6f19977f8103524ae5ca","pessoas","6a194d3ea6effb42219b01bf","2","6a1d71d45de33eb6008cbe51","2026-06-01T11:49:40.596000","2026-06-01T11:49:40.596000","service_6fcd586b-9f35-4a11-8d76-3c682538815e","service+6fcd586b-9f35-4a11-8d76-3c682538815e@no-reply.base44.com","false"
"G03","6a1d6f19977f8103524ae5ca","estrategia","6a194d3ea6effb42219b01c9","3","6a1d71d45de33eb6008cbe5b","2026-06-01T11:49:40.596000","2026-06-01T11:49:40.596000","service_6fcd586b-9f35-4a11-8d76-3c682538815e","service+6fcd586b-9f35-4a11-8d76-3c682538815e@no-reply.base44.com","false"
"P05","6a1d6f19977f8103524ae5ca","processos","6a194d3ea6effb42219b01bb","3","6a1d71d45de33eb6008cbe4d","2026-06-01T11:49:40.596000","2026-06-01T11:49:40.596000","service_6fcd586b-9f35-4a11-8d76-3c682538815e","service+6fcd586b-9f35-4a11-8d76-3c682538815e@no-reply.base44.com","false"
"D03","6a1d6f19977f8103524ae5ca","dados","6a194d3ea6effb42219b01ac","1","6a1d71d45de33eb6008cbe3e","2026-06-01T11:49:40.596000","2026-06-01T11:49:40.596000","service_6fcd586b-9f35-4a11-8d76-3c682538815e","service+6fcd586b-9f35-4a11-8d76-3c682538815e@no-reply.base44.com","false"
"T02","6a1d6f19977f8103524ae5ca","tecnologia","6a194d3ea6effb42219b01b3","5","6a1d71d45de33eb6008cbe45","2026-06-01T11:49:40.596000","2026-06-01T11:49:40.596000","service_6fcd586b-9f35-4a11-8d76-3c682538815e","service+6fcd586b-9f35-4a11-8d76-3c682538815e@no-reply.base44.com","false"
"P04","6a1d6f19977f8103524ae5ca","processos","6a194d3ea6effb42219b01ba","2","6a1d71d45de33eb6008cbe4c","2026-06-01T11:49:40.596000","2026-06-01T11:49:40.596000","service_6fcd586b-9f35-4a11-8d76-3c682538815e","service+6fcd586b-9f35-4a11-8d76-3c682538815e@no-reply.base44.com","false"
"G01","6a1d6f19977f8103524ae5ca","estrategia","6a194d3ea6effb42219b01c7","4","6a1d71d45de33eb6008cbe59","2026-06-01T11:49:40.596000","2026-06-01T11:49:40.596000","service_6fcd586b-9f35-4a11-8d76-3c682538815e","service+6fcd586b-9f35-4a11-8d76-3c682538815e@no-reply.base44.com","false"
"T01","6a1d6f19977f8103524ae5ca","tecnologia","6a194d3ea6effb42219b01b2","2","6a1d71d45de33eb6008cbe44","2026-06-01T11:49:40.596000","2026-06-01T11:49:40.596000","service_6fcd586b-9f35-4a11-8d76-3c682538815e","service+6fcd586b-9f35-4a11-8d76-3c682538815e@no-reply.base44.com","false"
"D05","6a1d6f19977f8103524ae5ca","dados","6a194d3ea6effb42219b01ae","1","6a1d71d45de33eb6008cbe40","2026-06-01T11:49:40.596000","2026-06-01T11:49:40.596000","service_6fcd586b-9f35-4a11-8d76-3c682538815e","service+6fcd586b-9f35-4a11-8d76-3c682538815e@no-reply.base44.com","false"
"H02","6a1d6f19977f8103524ae5ca","pessoas","6a194d3ea6effb42219b01bd","2","6a1d71d45de33eb6008cbe4f","2026-06-01T11:49:40.596000","2026-06-01T11:49:40.596000","service_6fcd586b-9f35-4a11-8d76-3c682538815e","service+6fcd586b-9f35-4a11-8d76-3c682538815e@no-reply.base44.com","false"
"DQ05","6a1b44cdbbfe1ed28a103082","ds_qualidade","6a1af4e254e290ad18ef6fcf","3","6a1b45c6bef03885f0aa181b","2026-05-30T20:17:10.009000","2026-05-30T20:17:10.009000","service_6fcd586b-9f35-4a11-8d76-3c682538815e","service+6fcd586b-9f35-4a11-8d76-3c682538815e@no-reply.base44.com","false"
"DV04","6a1b44cdbbfe1ed28a103082","ds_completude","6a1af4e254e290ad18ef6fd3","2","6a1b45c6bef03885f0aa181f","2026-05-30T20:17:10.009000","2026-05-30T20:17:10.009000","service_6fcd586b-9f35-4a11-8d76-3c682538815e","service+6fcd586b-9f35-4a11-8d76-3c682538815e@no-reply.base44.com","false"
"DC03","6a1b44cdbbfe1ed28a103082","ds_consistencia","6a1af4e254e290ad18ef6fd7","3","6a1b45c6bef03885f0aa1823","2026-05-30T20:17:10.009000","2026-05-30T20:17:10.009000","service_6fcd586b-9f35-4a11-8d76-3c682538815e","service+6fcd586b-9f35-4a11-8d76-3c682538815e@no-reply.base44.com","false"
"DQ02","6a1b44cdbbfe1ed28a103082","ds_qualidade","6a1af4e254e290ad18ef6fcc","2","6a1b45c6bef03885f0aa1818","2026-05-30T20:17:10.009000","2026-05-30T20:17:10.009000","service_6fcd586b-9f35-4a11-8d76-3c682538815e","service+6fcd586b-9f35-4a11-8d76-3c682538815e@no-reply.base44.com","false"
"DI01","6a1b44cdbbfe1ed28a103082","ds_acessibilidade","6a1af4e254e290ad18ef6fde","2","6a1b45c6bef03885f0aa182a","2026-05-30T20:17:10.009000","2026-05-30T20:17:10.009000","service_6fcd586b-9f35-4a11-8d76-3c682538815e","service+6fcd586b-9f35-4a11-8d76-3c682538815e@no-reply.base44.com","false"
"DQ01","6a1b44cdbbfe1ed28a103082","ds_qualidade","6a1af4e254e290ad18ef6fcb","1","6a1b45c6bef03885f0aa1817","2026-05-30T20:17:10.009000","2026-05-30T20:17:10.009000","service_6fcd586b-9f35-4a11-8d76-3c682538815e","service+6fcd586b-9f35-4a11-8d76-3c682538815e@no-reply.base44.com","false"
"DC01","6a1b44cdbbfe1ed28a103082","ds_consistencia","6a1af4e254e290ad18ef6fd5","2","6a1b45c6bef03885f0aa1821","2026-05-30T20:17:10.009000","2026-05-30T20:17:10.009000","service_6fcd586b-9f35-4a11-8d76-3c682538815e","service+6fcd586b-9f35-4a11-8d76-3c682538815e@no-reply.base44.com","false"
"DC02","6a1b44cdbbfe1ed28a103082","ds_consistencia","6a1af4e254e290ad18ef6fd6","3","6a1b45c6bef03885f0aa1822","2026-05-30T20:17:10.009000","2026-05-30T20:17:10.009000","service_6fcd586b-9f35-4a11-8d76-3c682538815e","service+6fcd586b-9f35-4a11-8d76-3c682538815e@no-reply.base44.com","false"
"DL04","6a1b44cdbbfe1ed28a103082","ds_arquitetura","6a1af4e254e290ad18ef6fe6","2","6a1b45c6bef03885f0aa1832","2026-05-30T20:17:10.009000","2026-05-30T20:17:10.009000","service_6fcd586b-9f35-4a11-8d76-3c682538815e","service+6fcd586b-9f35-4a11-8d76-3c682538815e@no-reply.base44.com","false"
"DM03","6a1b44cdbbfe1ed28a103082","ds_documentacao","6a1af4e254e290ad18ef6fe9","2","6a1b45c6bef03885f0aa1835","2026-05-30T20:17:10.009000","2026-05-30T20:17:10.009000","service_6fcd586b-9f35-4a11-8d76-3c682538815e","service+6fcd586b-9f35-4a11-8d76-3c682538815e@no-reply.base44.com","false"
"DQ04","6a1b44cdbbfe1ed28a103082","ds_qualidade","6a1af4e254e290ad18ef6fce","3","6a1b45c6bef03885f0aa181a","2026-05-30T20:17:10.009000","2026-05-30T20:17:10.009000","service_6fcd586b-9f35-4a11-8d76-3c682538815e","service+6fcd586b-9f35-4a11-8d76-3c682538815e@no-reply.base44.com","false"
"DV05","6a1b44cdbbfe1ed28a103082","ds_completude","6a1af4e254e290ad18ef6fd4","2","6a1b45c6bef03885f0aa1820","2026-05-30T20:17:10.009000","2026-05-30T20:17:10.009000","service_6fcd586b-9f35-4a11-8d76-3c682538815e","service+6fcd586b-9f35-4a11-8d76-3c682538815e@no-reply.base44.com","false"
"DI04","6a1b44cdbbfe1ed28a103082","ds_acessibilidade","6a1af4e254e290ad18ef6fe1","2","6a1b45c6bef03885f0aa182d","2026-05-30T20:17:10.009000","2026-05-30T20:17:10.009000","service_6fcd586b-9f35-4a11-8d76-3c682538815e","service+6fcd586b-9f35-4a11-8d76-3c682538815e@no-reply.base44.com","false"
"DM04","6a1b44cdbbfe1ed28a103082","ds_documentacao","6a1af4e254e290ad18ef6fea","2","6a1b45c6bef03885f0aa1836","2026-05-30T20:17:10.009000","2026-05-30T20:17:10.009000","service_6fcd586b-9f35-4a11-8d76-3c682538815e","service+6fcd586b-9f35-4a11-8d76-3c682538815e@no-reply.base44.com","false"
"DP05","6a1b44cdbbfe1ed28a103082","ds_privacidade","6a1af4e254e290ad18ef6ff0","2","6a1b45c6bef03885f0aa1838","2026-05-30T20:17:10.009000","2026-05-30T20:17:10.009000","service_6fcd586b-9f35-4a11-8d76-3c682538815e","service+6fcd586b-9f35-4a11-8d76-3c682538815e@no-reply.base44.com","false"
"DI03","6a1b44cdbbfe1ed28a103082","ds_acessibilidade","6a1af4e254e290ad18ef6fe0","2","6a1b45c6bef03885f0aa182c","2026-05-30T20:17:10.009000","2026-05-30T20:17:10.009000","service_6fcd586b-9f35-4a11-8d76-3c682538815e","service+6fcd586b-9f35-4a11-8d76-3c682538815e@no-reply.base44.com","false"
"DA03","6a1b44cdbbfe1ed28a103082","ds_atualidade","6a1af4e254e290ad18ef6fdc","2","6a1b45c6bef03885f0aa1828","2026-05-30T20:17:10.009000","2026-05-30T20:17:10.009000","service_6fcd586b-9f35-4a11-8d76-3c682538815e","service+6fcd586b-9f35-4a11-8d76-3c682538815e@no-reply.base44.com","false"
"DP01","6a1b44cdbbfe1ed28a103082","ds_privacidade","6a1af4e254e290ad18ef6fec","2","6a1b45c6bef03885f0aa183c","2026-05-30T20:17:10.009000","2026-05-30T20:17:10.009000","service_6fcd586b-9f35-4a11-8d76-3c682538815e","service+6fcd586b-9f35-4a11-8d76-3c682538815e@no-reply.base44.com","false"
"DA01","6a1b44cdbbfe1ed28a103082","ds_atualidade","6a1af4e254e290ad18ef6fda","3","6a1b45c6bef03885f0aa1826","2026-05-30T20:17:10.009000","2026-05-30T20:17:10.009000","service_6fcd586b-9f35-4a11-8d76-3c682538815e","service+6fcd586b-9f35-4a11-8d76-3c682538815e@no-reply.base44.com","false"
"DM05","6a1b44cdbbfe1ed28a103082","ds_documentacao","6a1af4e254e290ad18ef6feb","3","6a1b45c6bef03885f0aa1837","2026-05-30T20:17:10.009000","2026-05-30T20:17:10.009000","service_6fcd586b-9f35-4a11-8d76-3c682538815e","service+6fcd586b-9f35-4a11-8d76-3c682538815e@no-reply.base44.com","false"
"DV02","6a1b44cdbbfe1ed28a103082","ds_completude","6a1af4e254e290ad18ef6fd1","2","6a1b45c6bef03885f0aa181d","2026-05-30T20:17:10.009000","2026-05-30T20:17:10.009000","service_6fcd586b-9f35-4a11-8d76-3c682538815e","service+6fcd586b-9f35-4a11-8d76-3c682538815e@no-reply.base44.com","false"
"DP03","6a1b44cdbbfe1ed28a103082","ds_privacidade","6a1af4e254e290ad18ef6fee","2","6a1b45c6bef03885f0aa183a","2026-05-30T20:17:10.009000","2026-05-30T20:17:10.009000","service_6fcd586b-9f35-4a11-8d76-3c682538815e","service+6fcd586b-9f35-4a11-8d76-3c682538815e@no-reply.base44.com","false"
"DP02","6a1b44cdbbfe1ed28a103082","ds_privacidade","6a1af4e254e290ad18ef6fed","3","6a1b45c6bef03885f0aa183b","2026-05-30T20:17:10.009000","2026-05-30T20:17:10.009000","service_6fcd586b-9f35-4a11-8d76-3c682538815e","service+6fcd586b-9f35-4a11-8d76-3c682538815e@no-reply.base44.com","false"
"DC04","6a1b44cdbbfe1ed28a103082","ds_consistencia","6a1af4e254e290ad18ef6fd8","2","6a1b45c6bef03885f0aa1824","2026-05-30T20:17:10.009000","2026-05-30T20:17:10.009000","service_6fcd586b-9f35-4a11-8d76-3c682538815e","service+6fcd586b-9f35-4a11-8d76-3c682538815e@no-reply.base44.com","false"
"DA02","6a1b44cdbbfe1ed28a103082","ds_atualidade","6a1af4e254e290ad18ef6fdb","2","6a1b45c6bef03885f0aa1827","2026-05-30T20:17:10.009000","2026-05-30T20:17:10.009000","service_6fcd586b-9f35-4a11-8d76-3c682538815e","service+6fcd586b-9f35-4a11-8d76-3c682538815e@no-reply.base44.com","false"
"DA04","6a1b44cdbbfe1ed28a103082","ds_atualidade","6a1af4e254e290ad18ef6fdd","2","6a1b45c6bef03885f0aa1829","2026-05-30T20:17:10.009000","2026-05-30T20:17:10.009000","service_6fcd586b-9f35-4a11-8d76-3c682538815e","service+6fcd586b-9f35-4a11-8d76-3c682538815e@no-reply.base44.com","false"
"DP06","6a1b44cdbbfe1ed28a103082","ds_privacidade","6a1af4e254e290ad18ef6ff1","3","6a1b45c6bef03885f0aa183d","2026-05-30T20:17:10.009000","2026-05-30T20:17:10.009000","service_6fcd586b-9f35-4a11-8d76-3c682538815e","service+6fcd586b-9f35-4a11-8d76-3c682538815e@no-reply.base44.com","false"
"DI02","6a1b44cdbbfe1ed28a103082","ds_acessibilidade","6a1af4e254e290ad18ef6fdf","2","6a1b45c6bef03885f0aa182b","2026-05-30T20:17:10.009000","2026-05-30T20:17:10.009000","service_6fcd586b-9f35-4a11-8d76-3c682538815e","service+6fcd586b-9f35-4a11-8d76-3c682538815e@no-reply.base44.com","false"
"DL01","6a1b44cdbbfe1ed28a103082","ds_arquitetura","6a1af4e254e290ad18ef6fe3","3","6a1b45c6bef03885f0aa182f","2026-05-30T20:17:10.009000","2026-05-30T20:17:10.009000","service_6fcd586b-9f35-4a11-8d76-3c682538815e","service+6fcd586b-9f35-4a11-8d76-3c682538815e@no-reply.base44.com","false"
"DL03","6a1b44cdbbfe1ed28a103082","ds_arquitetura","6a1af4e254e290ad18ef6fe5","3","6a1b45c6bef03885f0aa1831","2026-05-30T20:17:10.009000","2026-05-30T20:17:10.009000","service_6fcd586b-9f35-4a11-8d76-3c682538815e","service+6fcd586b-9f35-4a11-8d76-3c682538815e@no-reply.base44.com","false"
"DC05","6a1b44cdbbfe1ed28a103082","ds_consistencia","6a1af4e254e290ad18ef6fd9","2","6a1b45c6bef03885f0aa1825","2026-05-30T20:17:10.009000","2026-05-30T20:17:10.009000","service_6fcd586b-9f35-4a11-8d76-3c682538815e","service+6fcd586b-9f35-4a11-8d76-3c682538815e@no-reply.base44.com","false"
"DM01","6a1b44cdbbfe1ed28a103082","ds_documentacao","6a1af4e254e290ad18ef6fe7","2","6a1b45c6bef03885f0aa1833","2026-05-30T20:17:10.009000","2026-05-30T20:17:10.009000","service_6fcd586b-9f35-4a11-8d76-3c682538815e","service+6fcd586b-9f35-4a11-8d76-3c682538815e@no-reply.base44.com","false"
"DV03","6a1b44cdbbfe1ed28a103082","ds_completude","6a1af4e254e290ad18ef6fd2","1","6a1b45c6bef03885f0aa181e","2026-05-30T20:17:10.009000","2026-05-30T20:17:10.009000","service_6fcd586b-9f35-4a11-8d76-3c682538815e","service+6fcd586b-9f35-4a11-8d76-3c682538815e@no-reply.base44.com","false"
"DL02","6a1b44cdbbfe1ed28a103082","ds_arquitetura","6a1af4e254e290ad18ef6fe4","2","6a1b45c6bef03885f0aa1830","2026-05-30T20:17:10.009000","2026-05-30T20:17:10.009000","service_6fcd586b-9f35-4a11-8d76-3c682538815e","service+6fcd586b-9f35-4a11-8d76-3c682538815e@no-reply.base44.com","false"
"DV01","6a1b44cdbbfe1ed28a103082","ds_completude","6a1af4e254e290ad18ef6fd0","2","6a1b45c6bef03885f0aa181c","2026-05-30T20:17:10.009000","2026-05-30T20:17:10.009000","service_6fcd586b-9f35-4a11-8d76-3c682538815e","service+6fcd586b-9f35-4a11-8d76-3c682538815e@no-reply.base44.com","false"
"DI05","6a1b44cdbbfe1ed28a103082","ds_acessibilidade","6a1af4e254e290ad18ef6fe2","2","6a1b45c6bef03885f0aa182e","2026-05-30T20:17:10.009000","2026-05-30T20:17:10.009000","service_6fcd586b-9f35-4a11-8d76-3c682538815e","service+6fcd586b-9f35-4a11-8d76-3c682538815e@no-reply.base44.com","false"
"DQ03","6a1b44cdbbfe1ed28a103082","ds_qualidade","6a1af4e254e290ad18ef6fcd","2","6a1b45c6bef03885f0aa1819","2026-05-30T20:17:10.009000","2026-05-30T20:17:10.009000","service_6fcd586b-9f35-4a11-8d76-3c682538815e","service+6fcd586b-9f35-4a11-8d76-3c682538815e@no-reply.base44.com","false"
"DM02","6a1b44cdbbfe1ed28a103082","ds_documentacao","6a1af4e254e290ad18ef6fe8","2","6a1b45c6bef03885f0aa1834","2026-05-30T20:17:10.009000","2026-05-30T20:17:10.009000","service_6fcd586b-9f35-4a11-8d76-3c682538815e","service+6fcd586b-9f35-4a11-8d76-3c682538815e@no-reply.base44.com","false"
"DP04","6a1b44cdbbfe1ed28a103082","ds_privacidade","6a1af4e254e290ad18ef6fef","3","6a1b45c6bef03885f0aa1839","2026-05-30T20:17:10.009000","2026-05-30T20:17:10.009000","service_6fcd586b-9f35-4a11-8d76-3c682538815e","service+6fcd586b-9f35-4a11-8d76-3c682538815e@no-reply.base44.com","false"
"G01","6a1b4117e27cb1ef31628333","estrategia","6a194d3ea6effb42219b01c7","2","6a1b44cccf450c9eee0332df","2026-05-30T20:13:00.079000","2026-05-30T20:13:00.079000","service_6fcd586b-9f35-4a11-8d76-3c682538815e","service+6fcd586b-9f35-4a11-8d76-3c682538815e@no-reply.base44.com","false"
"H04","6a1b4117e27cb1ef31628333","pessoas","6a194d3ea6effb42219b01bf","2","6a1b44cccf450c9eee0332d7","2026-05-30T20:13:00.079000","2026-05-30T20:13:00.079000","service_6fcd586b-9f35-4a11-8d76-3c682538815e","service+6fcd586b-9f35-4a11-8d76-3c682538815e@no-reply.base44.com","false"
"G03","6a1b4117e27cb1ef31628333","estrategia","6a194d3ea6effb42219b01c9","2","6a1b44cccf450c9eee0332e1","2026-05-30T20:13:00.079000","2026-05-30T20:13:00.079000","service_6fcd586b-9f35-4a11-8d76-3c682538815e","service+6fcd586b-9f35-4a11-8d76-3c682538815e@no-reply.base44.com","false"
"P01","6a1b4117e27cb1ef31628333","processos","6a194d3ea6effb42219b01b7","3","6a1b44cccf450c9eee0332cf","2026-05-30T20:13:00.079000","2026-05-30T20:13:00.079000","service_6fcd586b-9f35-4a11-8d76-3c682538815e","service+6fcd586b-9f35-4a11-8d76-3c682538815e@no-reply.base44.com","false"
"G04","6a1b4117e27cb1ef31628333","estrategia","6a194d3ea6effb42219b01ca","2","6a1b44cccf450c9eee0332e2","2026-05-30T20:13:00.079000","2026-05-30T20:13:00.079000","service_6fcd586b-9f35-4a11-8d76-3c682538815e","service+6fcd586b-9f35-4a11-8d76-3c682538815e@no-reply.base44.com","false"
"S05","6a1b4117e27cb1ef31628333","seguranca","6a194d3ea6effb42219b01c5","2","6a1b44cccf450c9eee0332dd","2026-05-30T20:13:00.079000","2026-05-30T20:13:00.079000","service_6fcd586b-9f35-4a11-8d76-3c682538815e","service+6fcd586b-9f35-4a11-8d76-3c682538815e@no-reply.base44.com","false"
"P03","6a1b4117e27cb1ef31628333","processos","6a194d3ea6effb42219b01b9","1","6a1b44cccf450c9eee0332d1","2026-05-30T20:13:00.079000","2026-05-30T20:13:00.079000","service_6fcd586b-9f35-4a11-8d76-3c682538815e","service+6fcd586b-9f35-4a11-8d76-3c682538815e@no-reply.base44.com","false"
"T03","6a1b4117e27cb1ef31628333","tecnologia","6a194d3ea6effb42219b01b4","2","6a1b44cccf450c9eee0332cc","2026-05-30T20:13:00.079000","2026-05-30T20:13:00.079000","service_6fcd586b-9f35-4a11-8d76-3c682538815e","service+6fcd586b-9f35-4a11-8d76-3c682538815e@no-reply.base44.com","false"
"T05","6a1b4117e27cb1ef31628333","tecnologia","6a194d3ea6effb42219b01b6","2","6a1b44cccf450c9eee0332ce","2026-05-30T20:13:00.079000","2026-05-30T20:13:00.079000","service_6fcd586b-9f35-4a11-8d76-3c682538815e","service+6fcd586b-9f35-4a11-8d76-3c682538815e@no-reply.base44.com","false"
"P04","6a1b4117e27cb1ef31628333","processos","6a194d3ea6effb42219b01ba","2","6a1b44cccf450c9eee0332d2","2026-05-30T20:13:00.079000","2026-05-30T20:13:00.079000","service_6fcd586b-9f35-4a11-8d76-3c682538815e","service+6fcd586b-9f35-4a11-8d76-3c682538815e@no-reply.base44.com","false"
"S03","6a1b4117e27cb1ef31628333","seguranca","6a194d3ea6effb42219b01c3","2","6a1b44cccf450c9eee0332db","2026-05-30T20:13:00.079000","2026-05-30T20:13:00.079000","service_6fcd586b-9f35-4a11-8d76-3c682538815e","service+6fcd586b-9f35-4a11-8d76-3c682538815e@no-reply.base44.com","false"
"P02","6a1b4117e27cb1ef31628333","processos","6a194d3ea6effb42219b01b8","2","6a1b44cccf450c9eee0332d0","2026-05-30T20:13:00.079000","2026-05-30T20:13:00.079000","service_6fcd586b-9f35-4a11-8d76-3c682538815e","service+6fcd586b-9f35-4a11-8d76-3c682538815e@no-reply.base44.com","false"
"P05","6a1b4117e27cb1ef31628333","processos","6a194d3ea6effb42219b01bb","2","6a1b44cccf450c9eee0332d3","2026-05-30T20:13:00.079000","2026-05-30T20:13:00.079000","service_6fcd586b-9f35-4a11-8d76-3c682538815e","service+6fcd586b-9f35-4a11-8d76-3c682538815e@no-reply.base44.com","false"
"H02","6a1b4117e27cb1ef31628333","pessoas","6a194d3ea6effb42219b01bd","1","6a1b44cccf450c9eee0332d5","2026-05-30T20:13:00.079000","2026-05-30T20:13:00.079000","service_6fcd586b-9f35-4a11-8d76-3c682538815e","service+6fcd586b-9f35-4a11-8d76-3c682538815e@no-reply.base44.com","false"
"G02","6a1b4117e27cb1ef31628333","estrategia","6a194d3ea6effb42219b01c8","2","6a1b44cccf450c9eee0332e0","2026-05-30T20:13:00.079000","2026-05-30T20:13:00.079000","service_6fcd586b-9f35-4a11-8d76-3c682538815e","service+6fcd586b-9f35-4a11-8d76-3c682538815e@no-reply.base44.com","false"
"T04","6a1b4117e27cb1ef31628333","tecnologia","6a194d3ea6effb42219b01b5","3","6a1b44cccf450c9eee0332cd","2026-05-30T20:13:00.079000","2026-05-30T20:13:00.079000","service_6fcd586b-9f35-4a11-8d76-3c682538815e","service+6fcd586b-9f35-4a11-8d76-3c682538815e@no-reply.base44.com","false"
"S02","6a1b4117e27cb1ef31628333","seguranca","6a194d3ea6effb42219b01c2","1","6a1b44cccf450c9eee0332da","2026-05-30T20:13:00.079000","2026-05-30T20:13:00.079000","service_6fcd586b-9f35-4a11-8d76-3c682538815e","service+6fcd586b-9f35-4a11-8d76-3c682538815e@no-reply.base44.com","false"
"S06","6a1b4117e27cb1ef31628333","seguranca","6a194d3ea6effb42219b01c6","2","6a1b44cccf450c9eee0332de","2026-05-30T20:13:00.079000","2026-05-30T20:13:00.079000","service_6fcd586b-9f35-4a11-8d76-3c682538815e","service+6fcd586b-9f35-4a11-8d76-3c682538815e@no-reply.base44.com","false"
"S01","6a1b4117e27cb1ef31628333","seguranca","6a194d3ea6effb42219b01c1","1","6a1b44cccf450c9eee0332d9","2026-05-30T20:13:00.079000","2026-05-30T20:13:00.079000","service_6fcd586b-9f35-4a11-8d76-3c682538815e","service+6fcd586b-9f35-4a11-8d76-3c682538815e@no-reply.base44.com","false"
"H01","6a1b4117e27cb1ef31628333","pessoas","6a194d3ea6effb42219b01bc","2","6a1b44cccf450c9eee0332d4","2026-05-30T20:13:00.079000","2026-05-30T20:13:00.079000","service_6fcd586b-9f35-4a11-8d76-3c682538815e","service+6fcd586b-9f35-4a11-8d76-3c682538815e@no-reply.base44.com","false"
"H03","6a1b4117e27cb1ef31628333","pessoas","6a194d3ea6effb42219b01be","2","6a1b44cccf450c9eee0332d6","2026-05-30T20:13:00.079000","2026-05-30T20:13:00.079000","service_6fcd586b-9f35-4a11-8d76-3c682538815e","service+6fcd586b-9f35-4a11-8d76-3c682538815e@no-reply.base44.com","false"
"S04","6a1b4117e27cb1ef31628333","seguranca","6a194d3ea6effb42219b01c4","2","6a1b44cccf450c9eee0332dc","2026-05-30T20:13:00.079000","2026-05-30T20:13:00.079000","service_6fcd586b-9f35-4a11-8d76-3c682538815e","service+6fcd586b-9f35-4a11-8d76-3c682538815e@no-reply.base44.com","false"
"H05","6a1b4117e27cb1ef31628333","pessoas","6a194d3ea6effb42219b01c0","1","6a1b44cccf450c9eee0332d8","2026-05-30T20:13:00.079000","2026-05-30T20:13:00.079000","service_6fcd586b-9f35-4a11-8d76-3c682538815e","service+6fcd586b-9f35-4a11-8d76-3c682538815e@no-reply.base44.com","false"
"D04","6a1b4117e27cb1ef31628333","dados","6a194d3ea6effb42219b01ad","2","6a1b44cccf450c9eee0332c5","2026-05-30T20:13:00.078000","2026-05-30T20:13:00.078000","service_6fcd586b-9f35-4a11-8d76-3c682538815e","service+6fcd586b-9f35-4a11-8d76-3c682538815e@no-reply.base44.com","false"
"D01","6a1b4117e27cb1ef31628333","dados","6a194d3ea6effb42219b01aa","2","6a1b44cccf450c9eee0332c2","2026-05-30T20:13:00.078000","2026-05-30T20:13:00.078000","service_6fcd586b-9f35-4a11-8d76-3c682538815e","service+6fcd586b-9f35-4a11-8d76-3c682538815e@no-reply.base44.com","false"
"D05","6a1b4117e27cb1ef31628333","dados","6a194d3ea6effb42219b01ae","2","6a1b44cccf450c9eee0332c6","2026-05-30T20:13:00.078000","2026-05-30T20:13:00.078000","service_6fcd586b-9f35-4a11-8d76-3c682538815e","service+6fcd586b-9f35-4a11-8d76-3c682538815e@no-reply.base44.com","false"
"D02","6a1b4117e27cb1ef31628333","dados","6a194d3ea6effb42219b01ab","3","6a1b44cccf450c9eee0332c3","2026-05-30T20:13:00.078000","2026-05-30T20:13:00.078000","service_6fcd586b-9f35-4a11-8d76-3c682538815e","service+6fcd586b-9f35-4a11-8d76-3c682538815e@no-reply.base44.com","false"
"D03","6a1b4117e27cb1ef31628333","dados","6a194d3ea6effb42219b01ac","1","6a1b44cccf450c9eee0332c4","2026-05-30T20:13:00.078000","2026-05-30T20:13:00.078000","service_6fcd586b-9f35-4a11-8d76-3c682538815e","service+6fcd586b-9f35-4a11-8d76-3c682538815e@no-reply.base44.com","false"
"D07","6a1b4117e27cb1ef31628333","dados","6a194d3ea6effb42219b01b0","1","6a1b44cccf450c9eee0332c8","2026-05-30T20:13:00.078000","2026-05-30T20:13:00.078000","service_6fcd586b-9f35-4a11-8d76-3c682538815e","service+6fcd586b-9f35-4a11-8d76-3c682538815e@no-reply.base44.com","false"
"T02","6a1b4117e27cb1ef31628333","tecnologia","6a194d3ea6effb42219b01b3","3","6a1b44cccf450c9eee0332cb","2026-05-30T20:13:00.078000","2026-05-30T20:13:00.078000","service_6fcd586b-9f35-4a11-8d76-3c682538815e","service+6fcd586b-9f35-4a11-8d76-3c682538815e@no-reply.base44.com","false"
"D06","6a1b4117e27cb1ef31628333","dados","6a194d3ea6effb42219b01af","1","6a1b44cccf450c9eee0332c7","2026-05-30T20:13:00.078000","2026-05-30T20:13:00.078000","service_6fcd586b-9f35-4a11-8d76-3c682538815e","service+6fcd586b-9f35-4a11-8d76-3c682538815e@no-reply.base44.com","false"
"D08","6a1b4117e27cb1ef31628333","dados","6a194d3ea6effb42219b01b1","2","6a1b44cccf450c9eee0332c9","2026-05-30T20:13:00.078000","2026-05-30T20:13:00.078000","service_6fcd586b-9f35-4a11-8d76-3c682538815e","service+6fcd586b-9f35-4a11-8d76-3c682538815e@no-reply.base44.com","false"
"T01","6a1b4117e27cb1ef31628333","tecnologia","6a194d3ea6effb42219b01b2","2","6a1b44cccf450c9eee0332ca","2026-05-30T20:13:00.078000","2026-05-30T20:13:00.078000","service_6fcd586b-9f35-4a11-8d76-3c682538815e","service+6fcd586b-9f35-4a11-8d76-3c682538815e@no-reply.base44.com","false"
"T03","6a1b4117e27cb1ef31628333","tecnologia","6a194d3ea6effb42219b01b4","2","6a1b43e48b1ef407951fbf73","2026-05-30T20:09:08.892000","2026-05-30T20:09:08.892000","service_6fcd586b-9f35-4a11-8d76-3c682538815e","service+6fcd586b-9f35-4a11-8d76-3c682538815e@no-reply.base44.com","false"
"P03","6a1b4117e27cb1ef31628333","processos","6a194d3ea6effb42219b01b9","1","6a1b43e48b1ef407951fbf78","2026-05-30T20:09:08.892000","2026-05-30T20:09:08.892000","service_6fcd586b-9f35-4a11-8d76-3c682538815e","service+6fcd586b-9f35-4a11-8d76-3c682538815e@no-reply.base44.com","false"
"D03","6a1b4117e27cb1ef31628333","dados","6a194d3ea6effb42219b01ac","1","6a1b43e48b1ef407951fbf6b","2026-05-30T20:09:08.892000","2026-05-30T20:09:08.892000","service_6fcd586b-9f35-4a11-8d76-3c682538815e","service+6fcd586b-9f35-4a11-8d76-3c682538815e@no-reply.base44.com","false"
"H05","6a1b4117e27cb1ef31628333","pessoas","6a194d3ea6effb42219b01c0","1","6a1b43e48b1ef407951fbf7f","2026-05-30T20:09:08.892000","2026-05-30T20:09:08.892000","service_6fcd586b-9f35-4a11-8d76-3c682538815e","service+6fcd586b-9f35-4a11-8d76-3c682538815e@no-reply.base44.com","false"
"D05","6a1b4117e27cb1ef31628333","dados","6a194d3ea6effb42219b01ae","2","6a1b43e48b1ef407951fbf6d","2026-05-30T20:09:08.892000","2026-05-30T20:09:08.892000","service_6fcd586b-9f35-4a11-8d76-3c682538815e","service+6fcd586b-9f35-4a11-8d76-3c682538815e@no-reply.base44.com","false"
"P01","6a1b4117e27cb1ef31628333","processos","6a194d3ea6effb42219b01b7","3","6a1b43e48b1ef407951fbf76","2026-05-30T20:09:08.892000","2026-05-30T20:09:08.892000","service_6fcd586b-9f35-4a11-8d76-3c682538815e","service+6fcd586b-9f35-4a11-8d76-3c682538815e@no-reply.base44.com","false"
"T01","6a1b4117e27cb1ef31628333","tecnologia","6a194d3ea6effb42219b01b2","2","6a1b43e48b1ef407951fbf71","2026-05-30T20:09:08.892000","2026-05-30T20:09:08.892000","service_6fcd586b-9f35-4a11-8d76-3c682538815e","service+6fcd586b-9f35-4a11-8d76-3c682538815e@no-reply.base44.com","false"
"P05","6a1b4117e27cb1ef31628333","processos","6a194d3ea6effb42219b01bb","2","6a1b43e48b1ef407951fbf7a","2026-05-30T20:09:08.892000","2026-05-30T20:09:08.892000","service_6fcd586b-9f35-4a11-8d76-3c682538815e","service+6fcd586b-9f35-4a11-8d76-3c682538815e@no-reply.base44.com","false"
"T02","6a1b4117e27cb1ef31628333","tecnologia","6a194d3ea6effb42219b01b3","3","6a1b43e48b1ef407951fbf72","2026-05-30T20:09:08.892000","2026-05-30T20:09:08.892000","service_6fcd586b-9f35-4a11-8d76-3c682538815e","service+6fcd586b-9f35-4a11-8d76-3c682538815e@no-reply.base44.com","false"
"P04","6a1b4117e27cb1ef31628333","processos","6a194d3ea6effb42219b01ba","2","6a1b43e48b1ef407951fbf79","2026-05-30T20:09:08.892000","2026-05-30T20:09:08.892000","service_6fcd586b-9f35-4a11-8d76-3c682538815e","service+6fcd586b-9f35-4a11-8d76-3c682538815e@no-reply.base44.com","false"
"S02","6a1b4117e27cb1ef31628333","seguranca","6a194d3ea6effb42219b01c2","1","6a1b43e48b1ef407951fbf81","2026-05-30T20:09:08.892000","2026-05-30T20:09:08.892000","service_6fcd586b-9f35-4a11-8d76-3c682538815e","service+6fcd586b-9f35-4a11-8d76-3c682538815e@no-reply.base44.com","false"
"S06","6a1b4117e27cb1ef31628333","seguranca","6a194d3ea6effb42219b01c6","2","6a1b43e48b1ef407951fbf85","2026-05-30T20:09:08.892000","2026-05-30T20:09:08.892000","service_6fcd586b-9f35-4a11-8d76-3c682538815e","service+6fcd586b-9f35-4a11-8d76-3c682538815e@no-reply.base44.com","false"
"D07","6a1b4117e27cb1ef31628333","dados","6a194d3ea6effb42219b01b0","1","6a1b43e48b1ef407951fbf6f","2026-05-30T20:09:08.892000","2026-05-30T20:09:08.892000","service_6fcd586b-9f35-4a11-8d76-3c682538815e","service+6fcd586b-9f35-4a11-8d76-3c682538815e@no-reply.base44.com","false"
"T04","6a1b4117e27cb1ef31628333","tecnologia","6a194d3ea6effb42219b01b5","3","6a1b43e48b1ef407951fbf74","2026-05-30T20:09:08.892000","2026-05-30T20:09:08.892000","service_6fcd586b-9f35-4a11-8d76-3c682538815e","service+6fcd586b-9f35-4a11-8d76-3c682538815e@no-reply.base44.com","false"
"H04","6a1b4117e27cb1ef31628333","pessoas","6a194d3ea6effb42219b01bf","2","6a1b43e48b1ef407951fbf7e","2026-05-30T20:09:08.892000","2026-05-30T20:09:08.892000","service_6fcd586b-9f35-4a11-8d76-3c682538815e","service+6fcd586b-9f35-4a11-8d76-3c682538815e@no-reply.base44.com","false"
"D02","6a1b4117e27cb1ef31628333","dados","6a194d3ea6effb42219b01ab","3","6a1b43e48b1ef407951fbf6a","2026-05-30T20:09:08.892000","2026-05-30T20:09:08.892000","service_6fcd586b-9f35-4a11-8d76-3c682538815e","service+6fcd586b-9f35-4a11-8d76-3c682538815e@no-reply.base44.com","false"
"H03","6a1b4117e27cb1ef31628333","pessoas","6a194d3ea6effb42219b01be","2","6a1b43e48b1ef407951fbf7d","2026-05-30T20:09:08.892000","2026-05-30T20:09:08.892000","service_6fcd586b-9f35-4a11-8d76-3c682538815e","service+6fcd586b-9f35-4a11-8d76-3c682538815e@no-reply.base44.com","false"
"S05","6a1b4117e27cb1ef31628333","seguranca","6a194d3ea6effb42219b01c5","2","6a1b43e48b1ef407951fbf84","2026-05-30T20:09:08.892000","2026-05-30T20:09:08.892000","service_6fcd586b-9f35-4a11-8d76-3c682538815e","service+6fcd586b-9f35-4a11-8d76-3c682538815e@no-reply.base44.com","false"
"S03","6a1b4117e27cb1ef31628333","seguranca","6a194d3ea6effb42219b01c3","2","6a1b43e48b1ef407951fbf82","2026-05-30T20:09:08.892000","2026-05-30T20:09:08.892000","service_6fcd586b-9f35-4a11-8d76-3c682538815e","service+6fcd586b-9f35-4a11-8d76-3c682538815e@no-reply.base44.com","false"
"S04","6a1b4117e27cb1ef31628333","seguranca","6a194d3ea6effb42219b01c4","2","6a1b43e48b1ef407951fbf83","2026-05-30T20:09:08.892000","2026-05-30T20:09:08.892000","service_6fcd586b-9f35-4a11-8d76-3c682538815e","service+6fcd586b-9f35-4a11-8d76-3c682538815e@no-reply.base44.com","false"
"H01","6a1b4117e27cb1ef31628333","pessoas","6a194d3ea6effb42219b01bc","2","6a1b43e48b1ef407951fbf7b","2026-05-30T20:09:08.892000","2026-05-30T20:09:08.892000","service_6fcd586b-9f35-4a11-8d76-3c682538815e","service+6fcd586b-9f35-4a11-8d76-3c682538815e@no-reply.base44.com","false"
"D04","6a1b4117e27cb1ef31628333","dados","6a194d3ea6effb42219b01ad","2","6a1b43e48b1ef407951fbf6c","2026-05-30T20:09:08.892000","2026-05-30T20:09:08.892000","service_6fcd586b-9f35-4a11-8d76-3c682538815e","service+6fcd586b-9f35-4a11-8d76-3c682538815e@no-reply.base44.com","false"
"T05","6a1b4117e27cb1ef31628333","tecnologia","6a194d3ea6effb42219b01b6","2","6a1b43e48b1ef407951fbf75","2026-05-30T20:09:08.892000","2026-05-30T20:09:08.892000","service_6fcd586b-9f35-4a11-8d76-3c682538815e","service+6fcd586b-9f35-4a11-8d76-3c682538815e@no-reply.base44.com","false"
"D06","6a1b4117e27cb1ef31628333","dados","6a194d3ea6effb42219b01af","1","6a1b43e48b1ef407951fbf6e","2026-05-30T20:09:08.892000","2026-05-30T20:09:08.892000","service_6fcd586b-9f35-4a11-8d76-3c682538815e","service+6fcd586b-9f35-4a11-8d76-3c682538815e@no-reply.base44.com","false"
"D08","6a1b4117e27cb1ef31628333","dados","6a194d3ea6effb42219b01b1","2","6a1b43e48b1ef407951fbf70","2026-05-30T20:09:08.892000","2026-05-30T20:09:08.892000","service_6fcd586b-9f35-4a11-8d76-3c682538815e","service+6fcd586b-9f35-4a11-8d76-3c682538815e@no-reply.base44.com","false"
"P02","6a1b4117e27cb1ef31628333","processos","6a194d3ea6effb42219b01b8","2","6a1b43e48b1ef407951fbf77","2026-05-30T20:09:08.892000","2026-05-30T20:09:08.892000","service_6fcd586b-9f35-4a11-8d76-3c682538815e","service+6fcd586b-9f35-4a11-8d76-3c682538815e@no-reply.base44.com","false"
"H02","6a1b4117e27cb1ef31628333","pessoas","6a194d3ea6effb42219b01bd","1","6a1b43e48b1ef407951fbf7c","2026-05-30T20:09:08.892000","2026-05-30T20:09:08.892000","service_6fcd586b-9f35-4a11-8d76-3c682538815e","service+6fcd586b-9f35-4a11-8d76-3c682538815e@no-reply.base44.com","false"
"D01","6a1b4117e27cb1ef31628333","dados","6a194d3ea6effb42219b01aa","2","6a1b43e48b1ef407951fbf69","2026-05-30T20:09:08.892000","2026-05-30T20:09:08.892000","service_6fcd586b-9f35-4a11-8d76-3c682538815e","service+6fcd586b-9f35-4a11-8d76-3c682538815e@no-reply.base44.com","false"
"S01","6a1b4117e27cb1ef31628333","seguranca","6a194d3ea6effb42219b01c1","1","6a1b43e48b1ef407951fbf80","2026-05-30T20:09:08.892000","2026-05-30T20:09:08.892000","service_6fcd586b-9f35-4a11-8d76-3c682538815e","service+6fcd586b-9f35-4a11-8d76-3c682538815e@no-reply.base44.com","false"
"D07","6a1b4117e27cb1ef31628333","dados","6a194d3ea6effb42219b01b0","1","6a1b41f9c4dabf1e5ad49dcc","2026-05-30T20:00:57.888000","2026-05-30T20:00:57.888000","service_6fcd586b-9f35-4a11-8d76-3c682538815e","service+6fcd586b-9f35-4a11-8d76-3c682538815e@no-reply.base44.com","false"
"T03","6a1b4117e27cb1ef31628333","tecnologia","6a194d3ea6effb42219b01b4","2","6a1b41f9c4dabf1e5ad49dd0","2026-05-30T20:00:57.888000","2026-05-30T20:00:57.888000","service_6fcd586b-9f35-4a11-8d76-3c682538815e","service+6fcd586b-9f35-4a11-8d76-3c682538815e@no-reply.base44.com","false"
"H01","6a1b4117e27cb1ef31628333","pessoas","6a194d3ea6effb42219b01bc","2","6a1b41f9c4dabf1e5ad49dd8","2026-05-30T20:00:57.888000","2026-05-30T20:00:57.888000","service_6fcd586b-9f35-4a11-8d76-3c682538815e","service+6fcd586b-9f35-4a11-8d76-3c682538815e@no-reply.base44.com","false"
"S05","6a1b4117e27cb1ef31628333","seguranca","6a194d3ea6effb42219b01c5","2","6a1b41f9c4dabf1e5ad49de1","2026-05-30T20:00:57.888000","2026-05-30T20:00:57.888000","service_6fcd586b-9f35-4a11-8d76-3c682538815e","service+6fcd586b-9f35-4a11-8d76-3c682538815e@no-reply.base44.com","false"
"T01","6a1b4117e27cb1ef31628333","tecnologia","6a194d3ea6effb42219b01b2","2","6a1b41f9c4dabf1e5ad49dce","2026-05-30T20:00:57.888000","2026-05-30T20:00:57.888000","service_6fcd586b-9f35-4a11-8d76-3c682538815e","service+6fcd586b-9f35-4a11-8d76-3c682538815e@no-reply.base44.com","false"
"T04","6a1b4117e27cb1ef31628333","tecnologia","6a194d3ea6effb42219b01b5","3","6a1b41f9c4dabf1e5ad49dd1","2026-05-30T20:00:57.888000","2026-05-30T20:00:57.888000","service_6fcd586b-9f35-4a11-8d76-3c682538815e","service+6fcd586b-9f35-4a11-8d76-3c682538815e@no-reply.base44.com","false"
"H03","6a1b4117e27cb1ef31628333","pessoas","6a194d3ea6effb42219b01be","2","6a1b41f9c4dabf1e5ad49dda","2026-05-30T20:00:57.888000","2026-05-30T20:00:57.888000","service_6fcd586b-9f35-4a11-8d76-3c682538815e","service+6fcd586b-9f35-4a11-8d76-3c682538815e@no-reply.base44.com","false"
"D01","6a1b4117e27cb1ef31628333","dados","6a194d3ea6effb42219b01aa","2","6a1b41f9c4dabf1e5ad49dc6","2026-05-30T20:00:57.888000","2026-05-30T20:00:57.888000","service_6fcd586b-9f35-4a11-8d76-3c682538815e","service+6fcd586b-9f35-4a11-8d76-3c682538815e@no-reply.base44.com","false"
"P04","6a1b4117e27cb1ef31628333","processos","6a194d3ea6effb42219b01ba","2","6a1b41f9c4dabf1e5ad49dd6","2026-05-30T20:00:57.888000","2026-05-30T20:00:57.888000","service_6fcd586b-9f35-4a11-8d76-3c682538815e","service+6fcd586b-9f35-4a11-8d76-3c682538815e@no-reply.base44.com","false"
"S06","6a1b4117e27cb1ef31628333","seguranca","6a194d3ea6effb42219b01c6","2","6a1b41f9c4dabf1e5ad49de2","2026-05-30T20:00:57.888000","2026-05-30T20:00:57.888000","service_6fcd586b-9f35-4a11-8d76-3c682538815e","service+6fcd586b-9f35-4a11-8d76-3c682538815e@no-reply.base44.com","false"
"D03","6a1b4117e27cb1ef31628333","dados","6a194d3ea6effb42219b01ac","1","6a1b41f9c4dabf1e5ad49dc8","2026-05-30T20:00:57.888000","2026-05-30T20:00:57.888000","service_6fcd586b-9f35-4a11-8d76-3c682538815e","service+6fcd586b-9f35-4a11-8d76-3c682538815e@no-reply.base44.com","false"
"H05","6a1b4117e27cb1ef31628333","pessoas","6a194d3ea6effb42219b01c0","1","6a1b41f9c4dabf1e5ad49ddc","2026-05-30T20:00:57.888000","2026-05-30T20:00:57.888000","service_6fcd586b-9f35-4a11-8d76-3c682538815e","service+6fcd586b-9f35-4a11-8d76-3c682538815e@no-reply.base44.com","false"
"S03","6a1b4117e27cb1ef31628333","seguranca","6a194d3ea6effb42219b01c3","2","6a1b41f9c4dabf1e5ad49ddf","2026-05-30T20:00:57.888000","2026-05-30T20:00:57.888000","service_6fcd586b-9f35-4a11-8d76-3c682538815e","service+6fcd586b-9f35-4a11-8d76-3c682538815e@no-reply.base44.com","false"
"P03","6a1b4117e27cb1ef31628333","processos","6a194d3ea6effb42219b01b9","1","6a1b41f9c4dabf1e5ad49dd5","2026-05-30T20:00:57.888000","2026-05-30T20:00:57.888000","service_6fcd586b-9f35-4a11-8d76-3c682538815e","service+6fcd586b-9f35-4a11-8d76-3c682538815e@no-reply.base44.com","false"
"P05","6a1b4117e27cb1ef31628333","processos","6a194d3ea6effb42219b01bb","2","6a1b41f9c4dabf1e5ad49dd7","2026-05-30T20:00:57.888000","2026-05-30T20:00:57.888000","service_6fcd586b-9f35-4a11-8d76-3c682538815e","service+6fcd586b-9f35-4a11-8d76-3c682538815e@no-reply.base44.com","false"
"H04","6a1b4117e27cb1ef31628333","pessoas","6a194d3ea6effb42219b01bf","2","6a1b41f9c4dabf1e5ad49ddb","2026-05-30T20:00:57.888000","2026-05-30T20:00:57.888000","service_6fcd586b-9f35-4a11-8d76-3c682538815e","service+6fcd586b-9f35-4a11-8d76-3c682538815e@no-reply.base44.com","false"
"S04","6a1b4117e27cb1ef31628333","seguranca","6a194d3ea6effb42219b01c4","2","6a1b41f9c4dabf1e5ad49de0","2026-05-30T20:00:57.888000","2026-05-30T20:00:57.888000","service_6fcd586b-9f35-4a11-8d76-3c682538815e","service+6fcd586b-9f35-4a11-8d76-3c682538815e@no-reply.base44.com","false"
"D02","6a1b4117e27cb1ef31628333","dados","6a194d3ea6effb42219b01ab","3","6a1b41f9c4dabf1e5ad49dc7","2026-05-30T20:00:57.888000","2026-05-30T20:00:57.888000","service_6fcd586b-9f35-4a11-8d76-3c682538815e","service+6fcd586b-9f35-4a11-8d76-3c682538815e@no-reply.base44.com","false"
"D04","6a1b4117e27cb1ef31628333","dados","6a194d3ea6effb42219b01ad","2","6a1b41f9c4dabf1e5ad49dc9","2026-05-30T20:00:57.888000","2026-05-30T20:00:57.888000","service_6fcd586b-9f35-4a11-8d76-3c682538815e","service+6fcd586b-9f35-4a11-8d76-3c682538815e@no-reply.base44.com","false"
"P01","6a1b4117e27cb1ef31628333","processos","6a194d3ea6effb42219b01b7","3","6a1b41f9c4dabf1e5ad49dd3","2026-05-30T20:00:57.888000","2026-05-30T20:00:57.888000","service_6fcd586b-9f35-4a11-8d76-3c682538815e","service+6fcd586b-9f35-4a11-8d76-3c682538815e@no-reply.base44.com","false"
"H02","6a1b4117e27cb1ef31628333","pessoas","6a194d3ea6effb42219b01bd","1","6a1b41f9c4dabf1e5ad49dd9","2026-05-30T20:00:57.888000","2026-05-30T20:00:57.888000","service_6fcd586b-9f35-4a11-8d76-3c682538815e","service+6fcd586b-9f35-4a11-8d76-3c682538815e@no-reply.base44.com","false"
"S02","6a1b4117e27cb1ef31628333","seguranca","6a194d3ea6effb42219b01c2","1","6a1b41f9c4dabf1e5ad49dde","2026-05-30T20:00:57.888000","2026-05-30T20:00:57.888000","service_6fcd586b-9f35-4a11-8d76-3c682538815e","service+6fcd586b-9f35-4a11-8d76-3c682538815e@no-reply.base44.com","false"
"D08","6a1b4117e27cb1ef31628333","dados","6a194d3ea6effb42219b01b1","2","6a1b41f9c4dabf1e5ad49dcd","2026-05-30T20:00:57.888000","2026-05-30T20:00:57.888000","service_6fcd586b-9f35-4a11-8d76-3c682538815e","service+6fcd586b-9f35-4a11-8d76-3c682538815e@no-reply.base44.com","false"
"P02","6a1b4117e27cb1ef31628333","processos","6a194d3ea6effb42219b01b8","2","6a1b41f9c4dabf1e5ad49dd4","2026-05-30T20:00:57.888000","2026-05-30T20:00:57.888000","service_6fcd586b-9f35-4a11-8d76-3c682538815e","service+6fcd586b-9f35-4a11-8d76-3c682538815e@no-reply.base44.com","false"
"D05","6a1b4117e27cb1ef31628333","dados","6a194d3ea6effb42219b01ae","2","6a1b41f9c4dabf1e5ad49dca","2026-05-30T20:00:57.888000","2026-05-30T20:00:57.888000","service_6fcd586b-9f35-4a11-8d76-3c682538815e","service+6fcd586b-9f35-4a11-8d76-3c682538815e@no-reply.base44.com","false"
"D06","6a1b4117e27cb1ef31628333","dados","6a194d3ea6effb42219b01af","1","6a1b41f9c4dabf1e5ad49dcb","2026-05-30T20:00:57.888000","2026-05-30T20:00:57.888000","service_6fcd586b-9f35-4a11-8d76-3c682538815e","service+6fcd586b-9f35-4a11-8d76-3c682538815e@no-reply.base44.com","false"
"T02","6a1b4117e27cb1ef31628333","tecnologia","6a194d3ea6effb42219b01b3","3","6a1b41f9c4dabf1e5ad49dcf","2026-05-30T20:00:57.888000","2026-05-30T20:00:57.888000","service_6fcd586b-9f35-4a11-8d76-3c682538815e","service+6fcd586b-9f35-4a11-8d76-3c682538815e@no-reply.base44.com","false"
"T05","6a1b4117e27cb1ef31628333","tecnologia","6a194d3ea6effb42219b01b6","2","6a1b41f9c4dabf1e5ad49dd2","2026-05-30T20:00:57.888000","2026-05-30T20:00:57.888000","service_6fcd586b-9f35-4a11-8d76-3c682538815e","service+6fcd586b-9f35-4a11-8d76-3c682538815e@no-reply.base44.com","false"
"S01","6a1b4117e27cb1ef31628333","seguranca","6a194d3ea6effb42219b01c1","1","6a1b41f9c4dabf1e5ad49ddd","2026-05-30T20:00:57.888000","2026-05-30T20:00:57.888000","service_6fcd586b-9f35-4a11-8d76-3c682538815e","service+6fcd586b-9f35-4a11-8d76-3c682538815e@no-reply.base44.com","false"
"DP05","6a1b1fcd12a57ac01150791c","ds_privacidade","6a1af4e254e290ad18ef6ff0","3","6a1b2233b353c7f62ba4a1bd","2026-05-30T17:45:23.425000","2026-05-30T17:45:23.425000","service_6fcd586b-9f35-4a11-8d76-3c682538815e","service+6fcd586b-9f35-4a11-8d76-3c682538815e@no-reply.base44.com","false"
"DM04","6a1b1fcd12a57ac01150791c","ds_documentacao","6a1af4e254e290ad18ef6fea","4","6a1b2233b353c7f62ba4a1b7","2026-05-30T17:45:23.425000","2026-05-30T17:45:23.425000","service_6fcd586b-9f35-4a11-8d76-3c682538815e","service+6fcd586b-9f35-4a11-8d76-3c682538815e@no-reply.base44.com","false"
"DP03","6a1b1fcd12a57ac01150791c","ds_privacidade","6a1af4e254e290ad18ef6fee","3","6a1b2233b353c7f62ba4a1bb","2026-05-30T17:45:23.425000","2026-05-30T17:45:23.425000","service_6fcd586b-9f35-4a11-8d76-3c682538815e","service+6fcd586b-9f35-4a11-8d76-3c682538815e@no-reply.base44.com","false"
"DM03","6a1b1fcd12a57ac01150791c","ds_documentacao","6a1af4e254e290ad18ef6fe9","4","6a1b2233b353c7f62ba4a1b6","2026-05-30T17:45:23.425000","2026-05-30T17:45:23.425000","service_6fcd586b-9f35-4a11-8d76-3c682538815e","service+6fcd586b-9f35-4a11-8d76-3c682538815e@no-reply.base44.com","false"
"DM05","6a1b1fcd12a57ac01150791c","ds_documentacao","6a1af4e254e290ad18ef6feb","4","6a1b2233b353c7f62ba4a1b8","2026-05-30T17:45:23.425000","2026-05-30T17:45:23.425000","service_6fcd586b-9f35-4a11-8d76-3c682538815e","service+6fcd586b-9f35-4a11-8d76-3c682538815e@no-reply.base44.com","false"
"DP04","6a1b1fcd12a57ac01150791c","ds_privacidade","6a1af4e254e290ad18ef6fef","4","6a1b2233b353c7f62ba4a1bc","2026-05-30T17:45:23.425000","2026-05-30T17:45:23.425000","service_6fcd586b-9f35-4a11-8d76-3c682538815e","service+6fcd586b-9f35-4a11-8d76-3c682538815e@no-reply.base44.com","false"
"DP01","6a1b1fcd12a57ac01150791c","ds_privacidade","6a1af4e254e290ad18ef6fec","3","6a1b2233b353c7f62ba4a1b9","2026-05-30T17:45:23.425000","2026-05-30T17:45:23.425000","service_6fcd586b-9f35-4a11-8d76-3c682538815e","service+6fcd586b-9f35-4a11-8d76-3c682538815e@no-reply.base44.com","false"
"DP02","6a1b1fcd12a57ac01150791c","ds_privacidade","6a1af4e254e290ad18ef6fed","4","6a1b2233b353c7f62ba4a1ba","2026-05-30T17:45:23.425000","2026-05-30T17:45:23.425000","service_6fcd586b-9f35-4a11-8d76-3c682538815e","service+6fcd586b-9f35-4a11-8d76-3c682538815e@no-reply.base44.com","false"
"DP06","6a1b1fcd12a57ac01150791c","ds_privacidade","6a1af4e254e290ad18ef6ff1","4","6a1b2233b353c7f62ba4a1be","2026-05-30T17:45:23.425000","2026-05-30T17:45:23.425000","service_6fcd586b-9f35-4a11-8d76-3c682538815e","service+6fcd586b-9f35-4a11-8d76-3c682538815e@no-reply.base44.com","false"
"DM02","6a1b1fcd12a57ac01150791c","ds_documentacao","6a1af4e254e290ad18ef6fe8","3","6a1b2233b353c7f62ba4a1b5","2026-05-30T17:45:23.424000","2026-05-30T17:45:23.424000","service_6fcd586b-9f35-4a11-8d76-3c682538815e","service+6fcd586b-9f35-4a11-8d76-3c682538815e@no-reply.base44.com","false"
"DL04","6a1b1fcd12a57ac01150791c","ds_arquitetura","6a1af4e254e290ad18ef6fe6","3","6a1b2233b353c7f62ba4a1b3","2026-05-30T17:45:23.424000","2026-05-30T17:45:23.424000","service_6fcd586b-9f35-4a11-8d76-3c682538815e","service+6fcd586b-9f35-4a11-8d76-3c682538815e@no-reply.base44.com","false"
"DM01","6a1b1fcd12a57ac01150791c","ds_documentacao","6a1af4e254e290ad18ef6fe7","3","6a1b2233b353c7f62ba4a1b4","2026-05-30T17:45:23.424000","2026-05-30T17:45:23.424000","service_6fcd586b-9f35-4a11-8d76-3c682538815e","service+6fcd586b-9f35-4a11-8d76-3c682538815e@no-reply.base44.com","false"
"DV04","6a1b1fcd12a57ac01150791c","ds_completude","6a1af4e254e290ad18ef6fd3","4","6a1b2233b353c7f62ba4a1a0","2026-05-30T17:45:23.423000","2026-05-30T17:45:23.423000","service_6fcd586b-9f35-4a11-8d76-3c682538815e","service+6fcd586b-9f35-4a11-8d76-3c682538815e@no-reply.base44.com","false"
"DL01","6a1b1fcd12a57ac01150791c","ds_arquitetura","6a1af4e254e290ad18ef6fe3","4","6a1b2233b353c7f62ba4a1b0","2026-05-30T17:45:23.423000","2026-05-30T17:45:23.423000","service_6fcd586b-9f35-4a11-8d76-3c682538815e","service+6fcd586b-9f35-4a11-8d76-3c682538815e@no-reply.base44.com","false"
"DV03","6a1b1fcd12a57ac01150791c","ds_completude","6a1af4e254e290ad18ef6fd2","3","6a1b2233b353c7f62ba4a19f","2026-05-30T17:45:23.423000","2026-05-30T17:45:23.423000","service_6fcd586b-9f35-4a11-8d76-3c682538815e","service+6fcd586b-9f35-4a11-8d76-3c682538815e@no-reply.base44.com","false"
"DI03","6a1b1fcd12a57ac01150791c","ds_acessibilidade","6a1af4e254e290ad18ef6fe0","3","6a1b2233b353c7f62ba4a1ad","2026-05-30T17:45:23.423000","2026-05-30T17:45:23.423000","service_6fcd586b-9f35-4a11-8d76-3c682538815e","service+6fcd586b-9f35-4a11-8d76-3c682538815e@no-reply.base44.com","false"
"DL02","6a1b1fcd12a57ac01150791c","ds_arquitetura","6a1af4e254e290ad18ef6fe4","3","6a1b2233b353c7f62ba4a1b1","2026-05-30T17:45:23.423000","2026-05-30T17:45:23.423000","service_6fcd586b-9f35-4a11-8d76-3c682538815e","service+6fcd586b-9f35-4a11-8d76-3c682538815e@no-reply.base44.com","false"
"DI01","6a1b1fcd12a57ac01150791c","ds_acessibilidade","6a1af4e254e290ad18ef6fde","2","6a1b2233b353c7f62ba4a1ab","2026-05-30T17:45:23.423000","2026-05-30T17:45:23.423000","service_6fcd586b-9f35-4a11-8d76-3c682538815e","service+6fcd586b-9f35-4a11-8d76-3c682538815e@no-reply.base44.com","false"
"DC01","6a1b1fcd12a57ac01150791c","ds_consistencia","6a1af4e254e290ad18ef6fd5","3","6a1b2233b353c7f62ba4a1a2","2026-05-30T17:45:23.423000","2026-05-30T17:45:23.423000","service_6fcd586b-9f35-4a11-8d76-3c682538815e","service+6fcd586b-9f35-4a11-8d76-3c682538815e@no-reply.base44.com","false"
"DC03","6a1b1fcd12a57ac01150791c","ds_consistencia","6a1af4e254e290ad18ef6fd7","4","6a1b2233b353c7f62ba4a1a4","2026-05-30T17:45:23.423000","2026-05-30T17:45:23.423000","service_6fcd586b-9f35-4a11-8d76-3c682538815e","service+6fcd586b-9f35-4a11-8d76-3c682538815e@no-reply.base44.com","false"
"DI02","6a1b1fcd12a57ac01150791c","ds_acessibilidade","6a1af4e254e290ad18ef6fdf","3","6a1b2233b353c7f62ba4a1ac","2026-05-30T17:45:23.423000","2026-05-30T17:45:23.423000","service_6fcd586b-9f35-4a11-8d76-3c682538815e","service+6fcd586b-9f35-4a11-8d76-3c682538815e@no-reply.base44.com","false"
"DI04","6a1b1fcd12a57ac01150791c","ds_acessibilidade","6a1af4e254e290ad18ef6fe1","3","6a1b2233b353c7f62ba4a1ae","2026-05-30T17:45:23.423000","2026-05-30T17:45:23.423000","service_6fcd586b-9f35-4a11-8d76-3c682538815e","service+6fcd586b-9f35-4a11-8d76-3c682538815e@no-reply.base44.com","false"
"DV05","6a1b1fcd12a57ac01150791c","ds_completude","6a1af4e254e290ad18ef6fd4","3","6a1b2233b353c7f62ba4a1a1","2026-05-30T17:45:23.423000","2026-05-30T17:45:23.423000","service_6fcd586b-9f35-4a11-8d76-3c682538815e","service+6fcd586b-9f35-4a11-8d76-3c682538815e@no-reply.base44.com","false"
"DQ05","6a1b1fcd12a57ac01150791c","ds_qualidade","6a1af4e254e290ad18ef6fcf","2","6a1b2233b353c7f62ba4a198","2026-05-30T17:45:23.423000","2026-05-30T17:45:23.423000","service_6fcd586b-9f35-4a11-8d76-3c682538815e","service+6fcd586b-9f35-4a11-8d76-3c682538815e@no-reply.base44.com","false"
"DC02","6a1b1fcd12a57ac01150791c","ds_consistencia","6a1af4e254e290ad18ef6fd6","4","6a1b2233b353c7f62ba4a1a3","2026-05-30T17:45:23.423000","2026-05-30T17:45:23.423000","service_6fcd586b-9f35-4a11-8d76-3c682538815e","service+6fcd586b-9f35-4a11-8d76-3c682538815e@no-reply.base44.com","false"
"DA04","6a1b1fcd12a57ac01150791c","ds_atualidade","6a1af4e254e290ad18ef6fdd","4","6a1b2233b353c7f62ba4a1aa","2026-05-30T17:45:23.423000","2026-05-30T17:45:23.423000","service_6fcd586b-9f35-4a11-8d76-3c682538815e","service+6fcd586b-9f35-4a11-8d76-3c682538815e@no-reply.base44.com","false"
"DQ04","6a1b1fcd12a57ac01150791c","ds_qualidade","6a1af4e254e290ad18ef6fce","3","6a1b2233b353c7f62ba4a199","2026-05-30T17:45:23.423000","2026-05-30T17:45:23.423000","service_6fcd586b-9f35-4a11-8d76-3c682538815e","service+6fcd586b-9f35-4a11-8d76-3c682538815e@no-reply.base44.com","false"
"DQ02","6a1b1fcd12a57ac01150791c","ds_qualidade","6a1af4e254e290ad18ef6fcc","4","6a1b2233b353c7f62ba4a19b","2026-05-30T17:45:23.423000","2026-05-30T17:45:23.423000","service_6fcd586b-9f35-4a11-8d76-3c682538815e","service+6fcd586b-9f35-4a11-8d76-3c682538815e@no-reply.base44.com","false"
"DV01","6a1b1fcd12a57ac01150791c","ds_completude","6a1af4e254e290ad18ef6fd0","3","6a1b2233b353c7f62ba4a19d","2026-05-30T17:45:23.423000","2026-05-30T17:45:23.423000","service_6fcd586b-9f35-4a11-8d76-3c682538815e","service+6fcd586b-9f35-4a11-8d76-3c682538815e@no-reply.base44.com","false"
"DC05","6a1b1fcd12a57ac01150791c","ds_consistencia","6a1af4e254e290ad18ef6fd9","3","6a1b2233b353c7f62ba4a1a6","2026-05-30T17:45:23.423000","2026-05-30T17:45:23.423000","service_6fcd586b-9f35-4a11-8d76-3c682538815e","service+6fcd586b-9f35-4a11-8d76-3c682538815e@no-reply.base44.com","false"
"DI05","6a1b1fcd12a57ac01150791c","ds_acessibilidade","6a1af4e254e290ad18ef6fe2","3","6a1b2233b353c7f62ba4a1af","2026-05-30T17:45:23.423000","2026-05-30T17:45:23.423000","service_6fcd586b-9f35-4a11-8d76-3c682538815e","service+6fcd586b-9f35-4a11-8d76-3c682538815e@no-reply.base44.com","false"
"DQ01","6a1b1fcd12a57ac01150791c","ds_qualidade","6a1af4e254e290ad18ef6fcb","3","6a1b2233b353c7f62ba4a19c","2026-05-30T17:45:23.423000","2026-05-30T17:45:23.423000","service_6fcd586b-9f35-4a11-8d76-3c682538815e","service+6fcd586b-9f35-4a11-8d76-3c682538815e@no-reply.base44.com","false"
"DA01","6a1b1fcd12a57ac01150791c","ds_atualidade","6a1af4e254e290ad18ef6fda","3","6a1b2233b353c7f62ba4a1a7","2026-05-30T17:45:23.423000","2026-05-30T17:45:23.423000","service_6fcd586b-9f35-4a11-8d76-3c682538815e","service+6fcd586b-9f35-4a11-8d76-3c682538815e@no-reply.base44.com","false"
"DQ03","6a1b1fcd12a57ac01150791c","ds_qualidade","6a1af4e254e290ad18ef6fcd","3","6a1b2233b353c7f62ba4a19a","2026-05-30T17:45:23.423000","2026-05-30T17:45:23.423000","service_6fcd586b-9f35-4a11-8d76-3c682538815e","service+6fcd586b-9f35-4a11-8d76-3c682538815e@no-reply.base44.com","false"
"DA03","6a1b1fcd12a57ac01150791c","ds_atualidade","6a1af4e254e290ad18ef6fdc","3","6a1b2233b353c7f62ba4a1a9","2026-05-30T17:45:23.423000","2026-05-30T17:45:23.423000","service_6fcd586b-9f35-4a11-8d76-3c682538815e","service+6fcd586b-9f35-4a11-8d76-3c682538815e@no-reply.base44.com","false"
"DL03","6a1b1fcd12a57ac01150791c","ds_arquitetura","6a1af4e254e290ad18ef6fe5","4","6a1b2233b353c7f62ba4a1b2","2026-05-30T17:45:23.423000","2026-05-30T17:45:23.423000","service_6fcd586b-9f35-4a11-8d76-3c682538815e","service+6fcd586b-9f35-4a11-8d76-3c682538815e@no-reply.base44.com","false"
"DC04","6a1b1fcd12a57ac01150791c","ds_consistencia","6a1af4e254e290ad18ef6fd8","3","6a1b2233b353c7f62ba4a1a5","2026-05-30T17:45:23.423000","2026-05-30T17:45:23.423000","service_6fcd586b-9f35-4a11-8d76-3c682538815e","service+6fcd586b-9f35-4a11-8d76-3c682538815e@no-reply.base44.com","false"
"DA02","6a1b1fcd12a57ac01150791c","ds_atualidade","6a1af4e254e290ad18ef6fdb","3","6a1b2233b353c7f62ba4a1a8","2026-05-30T17:45:23.423000","2026-05-30T17:45:23.423000","service_6fcd586b-9f35-4a11-8d76-3c682538815e","service+6fcd586b-9f35-4a11-8d76-3c682538815e@no-reply.base44.com","false"
"DV02","6a1b1fcd12a57ac01150791c","ds_completude","6a1af4e254e290ad18ef6fd1","2","6a1b2233b353c7f62ba4a19e","2026-05-30T17:45:23.423000","2026-05-30T17:45:23.423000","service_6fcd586b-9f35-4a11-8d76-3c682538815e","service+6fcd586b-9f35-4a11-8d76-3c682538815e@no-reply.base44.com","false"
"D04","6a1aff56f45bb4531fb5a5ba","dados","6a194d3ea6effb42219b01ad","1","6a1b1fbd6dba656f6a58d285","2026-05-30T17:34:53.409000","2026-05-30T17:34:53.409000","service_6fcd586b-9f35-4a11-8d76-3c682538815e","service+6fcd586b-9f35-4a11-8d76-3c682538815e@no-reply.base44.com","false"
"S01","6a1aff56f45bb4531fb5a5ba","seguranca","6a194d3ea6effb42219b01c1","4","6a1b1fbd6dba656f6a58d299","2026-05-30T17:34:53.409000","2026-05-30T17:34:53.409000","service_6fcd586b-9f35-4a11-8d76-3c682538815e","service+6fcd586b-9f35-4a11-8d76-3c682538815e@no-reply.base44.com","false"
"P04","6a1aff56f45bb4531fb5a5ba","processos","6a194d3ea6effb42219b01ba","4","6a1b1fbd6dba656f6a58d290","2026-05-30T17:34:53.409000","2026-05-30T17:34:53.409000","service_6fcd586b-9f35-4a11-8d76-3c682538815e","service+6fcd586b-9f35-4a11-8d76-3c682538815e@no-reply.base44.com","false"
"S03","6a1aff56f45bb4531fb5a5ba","seguranca","6a194d3ea6effb42219b01c3","4","6a1b1fbd6dba656f6a58d29b","2026-05-30T17:34:53.409000","2026-05-30T17:34:53.409000","service_6fcd586b-9f35-4a11-8d76-3c682538815e","service+6fcd586b-9f35-4a11-8d76-3c682538815e@no-reply.base44.com","false"
"D05","6a1aff56f45bb4531fb5a5ba","dados","6a194d3ea6effb42219b01ae","1","6a1b1fbd6dba656f6a58d286","2026-05-30T17:34:53.409000","2026-05-30T17:34:53.409000","service_6fcd586b-9f35-4a11-8d76-3c682538815e","service+6fcd586b-9f35-4a11-8d76-3c682538815e@no-reply.base44.com","false"
"P03","6a1aff56f45bb4531fb5a5ba","processos","6a194d3ea6effb42219b01b9","3","6a1b1fbd6dba656f6a58d291","2026-05-30T17:34:53.409000","2026-05-30T17:34:53.409000","service_6fcd586b-9f35-4a11-8d76-3c682538815e","service+6fcd586b-9f35-4a11-8d76-3c682538815e@no-reply.base44.com","false"
"D06","6a1aff56f45bb4531fb5a5ba","dados","6a194d3ea6effb42219b01af","1","6a1b1fbd6dba656f6a58d287","2026-05-30T17:34:53.409000","2026-05-30T17:34:53.409000","service_6fcd586b-9f35-4a11-8d76-3c682538815e","service+6fcd586b-9f35-4a11-8d76-3c682538815e@no-reply.base44.com","false"
"D08","6a1aff56f45bb4531fb5a5ba","dados","6a194d3ea6effb42219b01b1","1","6a1b1fbd6dba656f6a58d289","2026-05-30T17:34:53.409000","2026-05-30T17:34:53.409000","service_6fcd586b-9f35-4a11-8d76-3c682538815e","service+6fcd586b-9f35-4a11-8d76-3c682538815e@no-reply.base44.com","false"
"H01","6a1aff56f45bb4531fb5a5ba","pessoas","6a194d3ea6effb42219b01bc","4","6a1b1fbd6dba656f6a58d298","2026-05-30T17:34:53.409000","2026-05-30T17:34:53.409000","service_6fcd586b-9f35-4a11-8d76-3c682538815e","service+6fcd586b-9f35-4a11-8d76-3c682538815e@no-reply.base44.com","false"
"T01","6a1aff56f45bb4531fb5a5ba","tecnologia","6a194d3ea6effb42219b01b2","2","6a1b1fbd6dba656f6a58d28e","2026-05-30T17:34:53.409000","2026-05-30T17:34:53.409000","service_6fcd586b-9f35-4a11-8d76-3c682538815e","service+6fcd586b-9f35-4a11-8d76-3c682538815e@no-reply.base44.com","false"
"G01","6a1aff56f45bb4531fb5a5ba","estrategia","6a194d3ea6effb42219b01c7","3","6a1b1fbd6dba656f6a58d2a2","2026-05-30T17:34:53.409000","2026-05-30T17:34:53.409000","service_6fcd586b-9f35-4a11-8d76-3c682538815e","service+6fcd586b-9f35-4a11-8d76-3c682538815e@no-reply.base44.com","false"
"H02","6a1aff56f45bb4531fb5a5ba","pessoas","6a194d3ea6effb42219b01bd","4","6a1b1fbd6dba656f6a58d297","2026-05-30T17:34:53.409000","2026-05-30T17:34:53.409000","service_6fcd586b-9f35-4a11-8d76-3c682538815e","service+6fcd586b-9f35-4a11-8d76-3c682538815e@no-reply.base44.com","false"
"H05","6a1aff56f45bb4531fb5a5ba","pessoas","6a194d3ea6effb42219b01c0","3","6a1b1fbd6dba656f6a58d294","2026-05-30T17:34:53.409000","2026-05-30T17:34:53.409000","service_6fcd586b-9f35-4a11-8d76-3c682538815e","service+6fcd586b-9f35-4a11-8d76-3c682538815e@no-reply.base44.com","false"
"H03","6a1aff56f45bb4531fb5a5ba","pessoas","6a194d3ea6effb42219b01be","3","6a1b1fbd6dba656f6a58d296","2026-05-30T17:34:53.409000","2026-05-30T17:34:53.409000","service_6fcd586b-9f35-4a11-8d76-3c682538815e","service+6fcd586b-9f35-4a11-8d76-3c682538815e@no-reply.base44.com","false"
"G02","6a1aff56f45bb4531fb5a5ba","estrategia","6a194d3ea6effb42219b01c8","3","6a1b1fbd6dba656f6a58d2a1","2026-05-30T17:34:53.409000","2026-05-30T17:34:53.409000","service_6fcd586b-9f35-4a11-8d76-3c682538815e","service+6fcd586b-9f35-4a11-8d76-3c682538815e@no-reply.base44.com","false"
"T03","6a1aff56f45bb4531fb5a5ba","tecnologia","6a194d3ea6effb42219b01b4","4","6a1b1fbd6dba656f6a58d28c","2026-05-30T17:34:53.409000","2026-05-30T17:34:53.409000","service_6fcd586b-9f35-4a11-8d76-3c682538815e","service+6fcd586b-9f35-4a11-8d76-3c682538815e@no-reply.base44.com","false"
"D07","6a1aff56f45bb4531fb5a5ba","dados","6a194d3ea6effb42219b01b0","1","6a1b1fbd6dba656f6a58d288","2026-05-30T17:34:53.409000","2026-05-30T17:34:53.409000","service_6fcd586b-9f35-4a11-8d76-3c682538815e","service+6fcd586b-9f35-4a11-8d76-3c682538815e@no-reply.base44.com","false"
"D02","6a1aff56f45bb4531fb5a5ba","dados","6a194d3ea6effb42219b01ab","1","6a1b1fbd6dba656f6a58d283","2026-05-30T17:34:53.409000","2026-05-30T17:34:53.409000","service_6fcd586b-9f35-4a11-8d76-3c682538815e","service+6fcd586b-9f35-4a11-8d76-3c682538815e@no-reply.base44.com","false"
"T05","6a1aff56f45bb4531fb5a5ba","tecnologia","6a194d3ea6effb42219b01b6","2","6a1b1fbd6dba656f6a58d28a","2026-05-30T17:34:53.409000","2026-05-30T17:34:53.409000","service_6fcd586b-9f35-4a11-8d76-3c682538815e","service+6fcd586b-9f35-4a11-8d76-3c682538815e@no-reply.base44.com","false"
"T04","6a1aff56f45bb4531fb5a5ba","tecnologia","6a194d3ea6effb42219b01b5","3","6a1b1fbd6dba656f6a58d28b","2026-05-30T17:34:53.409000","2026-05-30T17:34:53.409000","service_6fcd586b-9f35-4a11-8d76-3c682538815e","service+6fcd586b-9f35-4a11-8d76-3c682538815e@no-reply.base44.com","false"
"S02","6a1aff56f45bb4531fb5a5ba","seguranca","6a194d3ea6effb42219b01c2","3","6a1b1fbd6dba656f6a58d29a","2026-05-30T17:34:53.409000","2026-05-30T17:34:53.409000","service_6fcd586b-9f35-4a11-8d76-3c682538815e","service+6fcd586b-9f35-4a11-8d76-3c682538815e@no-reply.base44.com","false"
"S05","6a1aff56f45bb4531fb5a5ba","seguranca","6a194d3ea6effb42219b01c5","4","6a1b1fbd6dba656f6a58d29d","2026-05-30T17:34:53.409000","2026-05-30T17:34:53.409000","service_6fcd586b-9f35-4a11-8d76-3c682538815e","service+6fcd586b-9f35-4a11-8d76-3c682538815e@no-reply.base44.com","false"
"G03","6a1aff56f45bb4531fb5a5ba","estrategia","6a194d3ea6effb42219b01c9","4","6a1b1fbd6dba656f6a58d2a0","2026-05-30T17:34:53.409000","2026-05-30T17:34:53.409000","service_6fcd586b-9f35-4a11-8d76-3c682538815e","service+6fcd586b-9f35-4a11-8d76-3c682538815e@no-reply.base44.com","false"
"P02","6a1aff56f45bb4531fb5a5ba","processos","6a194d3ea6effb42219b01b8","4","6a1b1fbd6dba656f6a58d292","2026-05-30T17:34:53.409000","2026-05-30T17:34:53.409000","service_6fcd586b-9f35-4a11-8d76-3c682538815e","service+6fcd586b-9f35-4a11-8d76-3c682538815e@no-reply.base44.com","false"
"H04","6a1aff56f45bb4531fb5a5ba","pessoas","6a194d3ea6effb42219b01bf","2","6a1b1fbd6dba656f6a58d295","2026-05-30T17:34:53.409000","2026-05-30T17:34:53.409000","service_6fcd586b-9f35-4a11-8d76-3c682538815e","service+6fcd586b-9f35-4a11-8d76-3c682538815e@no-reply.base44.com","false"
"D01","6a1aff56f45bb4531fb5a5ba","dados","6a194d3ea6effb42219b01aa","1","6a1b1fbd6dba656f6a58d282","2026-05-30T17:34:53.409000","2026-05-30T17:34:53.409000","service_6fcd586b-9f35-4a11-8d76-3c682538815e","service+6fcd586b-9f35-4a11-8d76-3c682538815e@no-reply.base44.com","false"
"S06","6a1aff56f45bb4531fb5a5ba","seguranca","6a194d3ea6effb42219b01c6","3","6a1b1fbd6dba656f6a58d29e","2026-05-30T17:34:53.409000","2026-05-30T17:34:53.409000","service_6fcd586b-9f35-4a11-8d76-3c682538815e","service+6fcd586b-9f35-4a11-8d76-3c682538815e@no-reply.base44.com","false"
"G04","6a1aff56f45bb4531fb5a5ba","estrategia","6a194d3ea6effb42219b01ca","3","6a1b1fbd6dba656f6a58d29f","2026-05-30T17:34:53.409000","2026-05-30T17:34:53.409000","service_6fcd586b-9f35-4a11-8d76-3c682538815e","service+6fcd586b-9f35-4a11-8d76-3c682538815e@no-reply.base44.com","false"
"D03","6a1aff56f45bb4531fb5a5ba","dados","6a194d3ea6effb42219b01ac","1","6a1b1fbd6dba656f6a58d284","2026-05-30T17:34:53.409000","2026-05-30T17:34:53.409000","service_6fcd586b-9f35-4a11-8d76-3c682538815e","service+6fcd586b-9f35-4a11-8d76-3c682538815e@no-reply.base44.com","false"
"T02","6a1aff56f45bb4531fb5a5ba","tecnologia","6a194d3ea6effb42219b01b3","3","6a1b1fbd6dba656f6a58d28d","2026-05-30T17:34:53.409000","2026-05-30T17:34:53.409000","service_6fcd586b-9f35-4a11-8d76-3c682538815e","service+6fcd586b-9f35-4a11-8d76-3c682538815e@no-reply.base44.com","false"
"P05","6a1aff56f45bb4531fb5a5ba","processos","6a194d3ea6effb42219b01bb","3","6a1b1fbd6dba656f6a58d28f","2026-05-30T17:34:53.409000","2026-05-30T17:34:53.409000","service_6fcd586b-9f35-4a11-8d76-3c682538815e","service+6fcd586b-9f35-4a11-8d76-3c682538815e@no-reply.base44.com","false"
"P01","6a1aff56f45bb4531fb5a5ba","processos","6a194d3ea6effb42219b01b7","3","6a1b1fbd6dba656f6a58d293","2026-05-30T17:34:53.409000","2026-05-30T17:34:53.409000","service_6fcd586b-9f35-4a11-8d76-3c682538815e","service+6fcd586b-9f35-4a11-8d76-3c682538815e@no-reply.base44.com","false"
"S04","6a1aff56f45bb4531fb5a5ba","seguranca","6a194d3ea6effb42219b01c4","3","6a1b1fbd6dba656f6a58d29c","2026-05-30T17:34:53.409000","2026-05-30T17:34:53.409000","service_6fcd586b-9f35-4a11-8d76-3c682538815e","service+6fcd586b-9f35-4a11-8d76-3c682538815e@no-reply.base44.com","false"