code,description_en,icon,weight,name_pt,description_pt,assessment_type,name_en,order,id,created_date,updated_date,created_by_id,created_by,is_sample
"ds_completude","Sufficient data, without critical gaps","","15","Completude & Volume","Dados suficientes, sem lacunas críticas","sub_assessment","Completeness & Volume","102","6a1af48d54e290ad18ef6fa2","2026-05-30T14:30:37.573000","2026-05-30T19:45:18.821000","6a19473079a96c400e6fe4fd","pedrooliveirarocha@gmail.com","false"
"ds_documentacao","Documented, catalogued and understandable data","","10","Documentação & Metadata","Dados documentados, catálogados, compreensíveis","sub_assessment","Documentation & Metadata","107","6a1af48d54e290ad18ef6fa7","2026-05-30T14:30:37.573000","2026-05-30T19:45:35.821000","6a19473079a96c400e6fe4fd","pedrooliveirarocha@gmail.com","false"
"ds_privacidade","GDPR compliance, anonymisation, bias, consent","","10","Privacidade & Ética","Conformidade RGPD, anonimização, viés, consentimento","sub_assessment","Privacy & Ethics","108","6a1af48d54e290ad18ef6fa8","2026-05-30T14:30:37.573000","2026-05-30T19:45:39.127000","6a19473079a96c400e6fe4fd","pedrooliveirarocha@gmail.com","false"
"ds_qualidade","Accuracy, validity and reliability of data","","20","Qualidade Intrínseca","Exatidão, validade, fiabilidade dos dados","sub_assessment","Intrinsic Quality","101","6a1af48d54e290ad18ef6fa1","2026-05-30T14:30:37.573000","2026-05-30T19:45:14.979000","6a19473079a96c400e6fe4fd","pedrooliveirarocha@gmail.com","false"
"ds_atualidade","Data updated at the required frequency","","10","Atualidade & Frescura","Dados atualizados com a frequência necessária","sub_assessment","Timeliness & Freshness","104","6a1af48d54e290ad18ef6fa4","2026-05-30T14:30:37.573000","2026-05-30T19:45:29.175000","6a19473079a96c400e6fe4fd","pedrooliveirarocha@gmail.com","false"
"ds_acessibilidade","Accessible, integrable data without blocking silos","","10","Acessibilidade & Integração","Dados acessíveis, integráveis, sem silos bloqueantes","sub_assessment","Accessibility & Integration","105","6a1af48d54e290ad18ef6fa5","2026-05-30T14:30:37.573000","2026-05-30T19:45:33.030000","6a19473079a96c400e6fe4fd","pedrooliveirarocha@gmail.com","false"
"ds_arquitetura","Traceable and reproducible data pipelines","","10","Arquitetura & Linhagem","Pipelines de dados rastreáveis e reprodutíveis","sub_assessment","Architecture & Lineage","106","6a1af48d54e290ad18ef6fa6","2026-05-30T14:30:37.573000","2026-05-30T19:45:43.339000","6a19473079a96c400e6fe4fd","pedrooliveirarocha@gmail.com","false"
"ds_consistencia","Data consistent across systems, without conflicts","","15","Consistência & Integridade","Dados coerentes entre sistemas, sem conflitos","sub_assessment","Consistency & Integrity","103","6a1af48d54e290ad18ef6fa3","2026-05-30T14:30:37.573000","2026-05-30T19:45:23.813000","6a19473079a96c400e6fe4fd","pedrooliveirarocha@gmail.com","false"
"pessoas","AI competencies, culture and leadership","","15","Pessoas","Competências, cultura e liderança para IA","main","People","4","6a194cd1a6effb42219b0181","2026-05-29T08:22:41.401000","2026-05-30T19:45:01.439000","6a19473079a96c400e6fe4fd","pedrooliveirarocha@gmail.com","false"
"processos","Process mapping, automation and maturity","","15","Processos","Mapeamento, automação e maturidade dos processos","main","Processes","3","6a194cd1a6effb42219b0180","2026-05-29T08:22:41.401000","2026-05-30T19:44:58.091000","6a19473079a96c400e6fe4fd","pedrooliveirarocha@gmail.com","false"
"estrategia","Strategic vision, budget and governance for AI","","10","Estratégia","Visão estratégica, budget e governance para IA","main","Strategy","6","6a194cd1a6effb42219b0183","2026-05-29T08:22:41.401000","2026-05-30T19:45:09.003000","6a19473079a96c400e6fe4fd","pedrooliveirarocha@gmail.com","false"
"tecnologia","Infrastructure, integration and technological capacity","","20","Tecnologia","Infraestrutura, integração e capacidade tecnológica","main","Technology","2","6a194cd1a6effb42219b017f","2026-05-29T08:22:41.401000","2026-05-30T19:44:54.891000","6a19473079a96c400e6fe4fd","pedrooliveirarocha@gmail.com","false"
"seguranca","Data protection, compliance and AI governance","","15","Segurança","Proteção de dados, conformidade e governance de IA","main","Security","5","6a194cd1a6effb42219b0182","2026-05-29T08:22:41.401000","2026-05-30T19:45:04.989000","6a19473079a96c400e6fe4fd","pedrooliveirarocha@gmail.com","false"
"dados","Data quality, governance, volume and diversity","","25","Dados","Qualidade, governação, volume e diversidade dos dados","main","Data","1","6a194cd1a6effb42219b017e","2026-05-29T08:22:41.401000","2026-05-30T19:44:49.036000","6a19473079a96c400e6fe4fd","pedrooliveirarocha@gmail.com","false"