"question_code","assessment_id","pillar_code","question_id","value","id","created_date","updated_date","created_by_id","created_by","is_sample"
"MON01","6a4ee5c7e2bac6c4fdb29753","MDRI","6a4c5105a8b7c5e1bfc115f3","2","6a4ee6b7666139a467f2c1eb","2026-07-09T00:09:27.414000","2026-07-09T00:09:27.414000","service_4fa6979f-0d3e-486c-8eee-88cc8a4e0910","service+4fa6979f-0d3e-486c-8eee-88cc8a4e0910@no-reply.base44.com","false"
"MON02","6a4ee5c7e2bac6c4fdb29753","MDRI","6a4c5105a8b7c5e1bfc115f4","3","6a4ee6b7666139a467f2c1ec","2026-07-09T00:09:27.414000","2026-07-09T00:09:27.414000","service_4fa6979f-0d3e-486c-8eee-88cc8a4e0910","service+4fa6979f-0d3e-486c-8eee-88cc8a4e0910@no-reply.base44.com","false"
"MON03","6a4ee5c7e2bac6c4fdb29753","MDRI","6a4c5105a8b7c5e1bfc115f5","4","6a4ee6b7666139a467f2c1ed","2026-07-09T00:09:27.414000","2026-07-09T00:09:27.414000","service_4fa6979f-0d3e-486c-8eee-88cc8a4e0910","service+4fa6979f-0d3e-486c-8eee-88cc8a4e0910@no-reply.base44.com","false"
"NET01","6a4ee5c7e2bac6c4fdb29753","SRS","6a4c5105a8b7c5e1bfc115f6","3","6a4ee6b7666139a467f2c1ee","2026-07-09T00:09:27.414000","2026-07-09T00:09:27.414000","service_4fa6979f-0d3e-486c-8eee-88cc8a4e0910","service+4fa6979f-0d3e-486c-8eee-88cc8a4e0910@no-reply.base44.com","false"
"NET02","6a4ee5c7e2bac6c4fdb29753","SRS","6a4c5105a8b7c5e1bfc115f7","3","6a4ee6b7666139a467f2c1ef","2026-07-09T00:09:27.414000","2026-07-09T00:09:27.414000","service_4fa6979f-0d3e-486c-8eee-88cc8a4e0910","service+4fa6979f-0d3e-486c-8eee-88cc8a4e0910@no-reply.base44.com","false"
"NET03","6a4ee5c7e2bac6c4fdb29753","SRS","6a4c5105a8b7c5e1bfc115f8","3","6a4ee6b7666139a467f2c1f0","2026-07-09T00:09:27.414000","2026-07-09T00:09:27.414000","service_4fa6979f-0d3e-486c-8eee-88cc8a4e0910","service+4fa6979f-0d3e-486c-8eee-88cc8a4e0910@no-reply.base44.com","false"
"PHY01","6a4ee5c7e2bac6c4fdb29753","SFA","6a4c5105a8b7c5e1bfc115f9","4","6a4ee6b7666139a467f2c1f1","2026-07-09T00:09:27.414000","2026-07-09T00:09:27.414000","service_4fa6979f-0d3e-486c-8eee-88cc8a4e0910","service+4fa6979f-0d3e-486c-8eee-88cc8a4e0910@no-reply.base44.com","false"
"PHY02","6a4ee5c7e2bac6c4fdb29753","SFA","6a4c5105a8b7c5e1bfc115fa","3","6a4ee6b7666139a467f2c1f2","2026-07-09T00:09:27.414000","2026-07-09T00:09:27.414000","service_4fa6979f-0d3e-486c-8eee-88cc8a4e0910","service+4fa6979f-0d3e-486c-8eee-88cc8a4e0910@no-reply.base44.com","false"
"PHY03","6a4ee5c7e2bac6c4fdb29753","SFA","6a4c5105a8b7c5e1bfc115fb","2","6a4ee6b7666139a467f2c1f3","2026-07-09T00:09:27.414000","2026-07-09T00:09:27.414000","service_4fa6979f-0d3e-486c-8eee-88cc8a4e0910","service+4fa6979f-0d3e-486c-8eee-88cc8a4e0910@no-reply.base44.com","false"
"IAM01","6a4ee5c7e2bac6c4fdb29753","GIA","6a4c5105a8b7c5e1bfc115fc","3","6a4ee6b7666139a467f2c1f4","2026-07-09T00:09:27.414000","2026-07-09T00:09:27.414000","service_4fa6979f-0d3e-486c-8eee-88cc8a4e0910","service+4fa6979f-0d3e-486c-8eee-88cc8a4e0910@no-reply.base44.com","false"
"IAM02","6a4ee5c7e2bac6c4fdb29753","GIA","6a4c5105a8b7c5e1bfc115fd","4","6a4ee6b7666139a467f2c1f5","2026-07-09T00:09:27.414000","2026-07-09T00:09:27.414000","service_4fa6979f-0d3e-486c-8eee-88cc8a4e0910","service+4fa6979f-0d3e-486c-8eee-88cc8a4e0910@no-reply.base44.com","false"
"IAM03","6a4ee5c7e2bac6c4fdb29753","GIA","6a4c5105a8b7c5e1bfc115fe","3","6a4ee6b7666139a467f2c1f6","2026-07-09T00:09:27.414000","2026-07-09T00:09:27.414000","service_4fa6979f-0d3e-486c-8eee-88cc8a4e0910","service+4fa6979f-0d3e-486c-8eee-88cc8a4e0910@no-reply.base44.com","false"
"GOV01","6a4ee5c7e2bac6c4fdb29753","GGR","6a4c5105a8b7c5e1bfc115ff","4","6a4ee6b7666139a467f2c1f7","2026-07-09T00:09:27.414000","2026-07-09T00:09:27.414000","service_4fa6979f-0d3e-486c-8eee-88cc8a4e0910","service+4fa6979f-0d3e-486c-8eee-88cc8a4e0910@no-reply.base44.com","false"
"GOV02","6a4ee5c7e2bac6c4fdb29753","GGR","6a4c5105a8b7c5e1bfc11600","3","6a4ee6b7666139a467f2c1f8","2026-07-09T00:09:27.414000","2026-07-09T00:09:27.414000","service_4fa6979f-0d3e-486c-8eee-88cc8a4e0910","service+4fa6979f-0d3e-486c-8eee-88cc8a4e0910@no-reply.base44.com","false"
"GOV03","6a4ee5c7e2bac6c4fdb29753","GGR","6a4c5105a8b7c5e1bfc11601","3","6a4ee6b7666139a467f2c1f9","2026-07-09T00:09:27.414000","2026-07-09T00:09:27.414000","service_4fa6979f-0d3e-486c-8eee-88cc8a4e0910","service+4fa6979f-0d3e-486c-8eee-88cc8a4e0910@no-reply.base44.com","false"
"BCP01","6a4ee5c7e2bac6c4fdb29753","CNR","6a4c5105a8b7c5e1bfc11602","3","6a4ee6b7666139a467f2c1fa","2026-07-09T00:09:27.414000","2026-07-09T00:09:27.414000","service_4fa6979f-0d3e-486c-8eee-88cc8a4e0910","service+4fa6979f-0d3e-486c-8eee-88cc8a4e0910@no-reply.base44.com","false"
"BCP02","6a4ee5c7e2bac6c4fdb29753","CNR","6a4c5105a8b7c5e1bfc11603","3","6a4ee6b7666139a467f2c1fb","2026-07-09T00:09:27.414000","2026-07-09T00:09:27.414000","service_4fa6979f-0d3e-486c-8eee-88cc8a4e0910","service+4fa6979f-0d3e-486c-8eee-88cc8a4e0910@no-reply.base44.com","false"
"BCP03","6a4ee5c7e2bac6c4fdb29753","CNR","6a4c5105a8b7c5e1bfc11604","4","6a4ee6b7666139a467f2c1fc","2026-07-09T00:09:27.414000","2026-07-09T00:09:27.414000","service_4fa6979f-0d3e-486c-8eee-88cc8a4e0910","service+4fa6979f-0d3e-486c-8eee-88cc8a4e0910@no-reply.base44.com","false"
"I03","6a29ee41eb561cdd98c81183","AU_INT","6a23f7b1afb245373265bc19","4","6a29f043eebea1f73990c3de","2026-06-10T23:16:19.914000","2026-06-10T23:16:19.914000","service_4fa6979f-0d3e-486c-8eee-88cc8a4e0910","service+4fa6979f-0d3e-486c-8eee-88cc8a4e0910@no-reply.base44.com","false"
"H05","6a29ee41eb561cdd98c81183","AU_SKILL","6a23f7b1afb245373265bc20","2","6a29f043eebea1f73990c3e5","2026-06-10T23:16:19.914000","2026-06-10T23:16:19.914000","service_4fa6979f-0d3e-486c-8eee-88cc8a4e0910","service+4fa6979f-0d3e-486c-8eee-88cc8a4e0910@no-reply.base44.com","false"
"E04","6a29ee41eb561cdd98c81183","AU_ECON","6a23f7b1afb245373265bc2a","2","6a29f043eebea1f73990c3ef","2026-06-10T23:16:19.914000","2026-06-10T23:16:19.914000","service_4fa6979f-0d3e-486c-8eee-88cc8a4e0910","service+4fa6979f-0d3e-486c-8eee-88cc8a4e0910@no-reply.base44.com","false"
"E02","6a29ee41eb561cdd98c81183","AU_ECON","6a23f7b1afb245373265bc28","1","6a29f043eebea1f73990c3ed","2026-06-10T23:16:19.914000","2026-06-10T23:16:19.914000","service_4fa6979f-0d3e-486c-8eee-88cc8a4e0910","service+4fa6979f-0d3e-486c-8eee-88cc8a4e0910@no-reply.base44.com","false"
"S05","6a29ee41eb561cdd98c81183","AU_STRAT","6a23f7b1afb245373265bc30","1","6a29f043eebea1f73990c3f5","2026-06-10T23:16:19.914000","2026-06-10T23:16:19.914000","service_4fa6979f-0d3e-486c-8eee-88cc8a4e0910","service+4fa6979f-0d3e-486c-8eee-88cc8a4e0910@no-reply.base44.com","false"
"I04","6a29ee41eb561cdd98c81183","AU_INT","6a23f7b1afb245373265bc1a","5","6a29f043eebea1f73990c3df","2026-06-10T23:16:19.914000","2026-06-10T23:16:19.914000","service_4fa6979f-0d3e-486c-8eee-88cc8a4e0910","service+4fa6979f-0d3e-486c-8eee-88cc8a4e0910@no-reply.base44.com","false"
"H02","6a29ee41eb561cdd98c81183","AU_SKILL","6a23f7b1afb245373265bc1d","4","6a29f043eebea1f73990c3e2","2026-06-10T23:16:19.914000","2026-06-10T23:16:19.914000","service_4fa6979f-0d3e-486c-8eee-88cc8a4e0910","service+4fa6979f-0d3e-486c-8eee-88cc8a4e0910@no-reply.base44.com","false"
"G05","6a29ee41eb561cdd98c81183","AU_GOV","6a23f7b1afb245373265bc25","4","6a29f043eebea1f73990c3ea","2026-06-10T23:16:19.914000","2026-06-10T23:16:19.914000","service_4fa6979f-0d3e-486c-8eee-88cc8a4e0910","service+4fa6979f-0d3e-486c-8eee-88cc8a4e0910@no-reply.base44.com","false"
"S02","6a29ee41eb561cdd98c81183","AU_STRAT","6a23f7b1afb245373265bc2d","3","6a29f043eebea1f73990c3f2","2026-06-10T23:16:19.914000","2026-06-10T23:16:19.914000","service_4fa6979f-0d3e-486c-8eee-88cc8a4e0910","service+4fa6979f-0d3e-486c-8eee-88cc8a4e0910@no-reply.base44.com","false"
"G01","6a29ee41eb561cdd98c81183","AU_GOV","6a23f7b1afb245373265bc21","1","6a29f043eebea1f73990c3e6","2026-06-10T23:16:19.914000","2026-06-10T23:16:19.914000","service_4fa6979f-0d3e-486c-8eee-88cc8a4e0910","service+4fa6979f-0d3e-486c-8eee-88cc8a4e0910@no-reply.base44.com","false"
"E05","6a29ee41eb561cdd98c81183","AU_ECON","6a23f7b1afb245373265bc2b","1","6a29f043eebea1f73990c3f0","2026-06-10T23:16:19.914000","2026-06-10T23:16:19.914000","service_4fa6979f-0d3e-486c-8eee-88cc8a4e0910","service+4fa6979f-0d3e-486c-8eee-88cc8a4e0910@no-reply.base44.com","false"
"S04","6a29ee41eb561cdd98c81183","AU_STRAT","6a23f7b1afb245373265bc2f","1","6a29f043eebea1f73990c3f4","2026-06-10T23:16:19.914000","2026-06-10T23:16:19.914000","service_4fa6979f-0d3e-486c-8eee-88cc8a4e0910","service+4fa6979f-0d3e-486c-8eee-88cc8a4e0910@no-reply.base44.com","false"
"H01","6a29ee41eb561cdd98c81183","AU_SKILL","6a23f7b1afb245373265bc1c","3","6a29f043eebea1f73990c3e1","2026-06-10T23:16:19.914000","2026-06-10T23:16:19.914000","service_4fa6979f-0d3e-486c-8eee-88cc8a4e0910","service+4fa6979f-0d3e-486c-8eee-88cc8a4e0910@no-reply.base44.com","false"
"H04","6a29ee41eb561cdd98c81183","AU_SKILL","6a23f7b1afb245373265bc1f","1","6a29f043eebea1f73990c3e4","2026-06-10T23:16:19.914000","2026-06-10T23:16:19.914000","service_4fa6979f-0d3e-486c-8eee-88cc8a4e0910","service+4fa6979f-0d3e-486c-8eee-88cc8a4e0910@no-reply.base44.com","false"
"G02","6a29ee41eb561cdd98c81183","AU_GOV","6a23f7b1afb245373265bc22","3","6a29f043eebea1f73990c3e7","2026-06-10T23:16:19.914000","2026-06-10T23:16:19.914000","service_4fa6979f-0d3e-486c-8eee-88cc8a4e0910","service+4fa6979f-0d3e-486c-8eee-88cc8a4e0910@no-reply.base44.com","false"
"I02","6a29ee41eb561cdd98c81183","AU_INT","6a23f7b1afb245373265bc18","1","6a29f043eebea1f73990c3dd","2026-06-10T23:16:19.914000","2026-06-10T23:16:19.914000","service_4fa6979f-0d3e-486c-8eee-88cc8a4e0910","service+4fa6979f-0d3e-486c-8eee-88cc8a4e0910@no-reply.base44.com","false"
"G06","6a29ee41eb561cdd98c81183","AU_GOV","6a23f7b1afb245373265bc26","2","6a29f043eebea1f73990c3eb","2026-06-10T23:16:19.914000","2026-06-10T23:16:19.914000","service_4fa6979f-0d3e-486c-8eee-88cc8a4e0910","service+4fa6979f-0d3e-486c-8eee-88cc8a4e0910@no-reply.base44.com","false"
"E01","6a29ee41eb561cdd98c81183","AU_ECON","6a23f7b1afb245373265bc27","3","6a29f043eebea1f73990c3ec","2026-06-10T23:16:19.914000","2026-06-10T23:16:19.914000","service_4fa6979f-0d3e-486c-8eee-88cc8a4e0910","service+4fa6979f-0d3e-486c-8eee-88cc8a4e0910@no-reply.base44.com","false"
"S01","6a29ee41eb561cdd98c81183","AU_STRAT","6a23f7b1afb245373265bc2c","1","6a29f043eebea1f73990c3f1","2026-06-10T23:16:19.914000","2026-06-10T23:16:19.914000","service_4fa6979f-0d3e-486c-8eee-88cc8a4e0910","service+4fa6979f-0d3e-486c-8eee-88cc8a4e0910@no-reply.base44.com","false"
"H03","6a29ee41eb561cdd98c81183","AU_SKILL","6a23f7b1afb245373265bc1e","1","6a29f043eebea1f73990c3e3","2026-06-10T23:16:19.914000","2026-06-10T23:16:19.914000","service_4fa6979f-0d3e-486c-8eee-88cc8a4e0910","service+4fa6979f-0d3e-486c-8eee-88cc8a4e0910@no-reply.base44.com","false"
"I05","6a29ee41eb561cdd98c81183","AU_INT","6a23f7b1afb245373265bc1b","4","6a29f043eebea1f73990c3e0","2026-06-10T23:16:19.914000","2026-06-10T23:16:19.914000","service_4fa6979f-0d3e-486c-8eee-88cc8a4e0910","service+4fa6979f-0d3e-486c-8eee-88cc8a4e0910@no-reply.base44.com","false"
"G03","6a29ee41eb561cdd98c81183","AU_GOV","6a23f7b1afb245373265bc23","1","6a29f043eebea1f73990c3e8","2026-06-10T23:16:19.914000","2026-06-10T23:16:19.914000","service_4fa6979f-0d3e-486c-8eee-88cc8a4e0910","service+4fa6979f-0d3e-486c-8eee-88cc8a4e0910@no-reply.base44.com","false"
"E03","6a29ee41eb561cdd98c81183","AU_ECON","6a23f7b1afb245373265bc29","1","6a29f043eebea1f73990c3ee","2026-06-10T23:16:19.914000","2026-06-10T23:16:19.914000","service_4fa6979f-0d3e-486c-8eee-88cc8a4e0910","service+4fa6979f-0d3e-486c-8eee-88cc8a4e0910@no-reply.base44.com","false"
"G04","6a29ee41eb561cdd98c81183","AU_GOV","6a23f7b1afb245373265bc24","1","6a29f043eebea1f73990c3e9","2026-06-10T23:16:19.914000","2026-06-10T23:16:19.914000","service_4fa6979f-0d3e-486c-8eee-88cc8a4e0910","service+4fa6979f-0d3e-486c-8eee-88cc8a4e0910@no-reply.base44.com","false"
"S03","6a29ee41eb561cdd98c81183","AU_STRAT","6a23f7b1afb245373265bc2e","2","6a29f043eebea1f73990c3f3","2026-06-10T23:16:19.914000","2026-06-10T23:16:19.914000","service_4fa6979f-0d3e-486c-8eee-88cc8a4e0910","service+4fa6979f-0d3e-486c-8eee-88cc8a4e0910@no-reply.base44.com","false"
"P04","6a29ee41eb561cdd98c81183","AU_PROC","6a23f7b1afb245373265bc0c","2","6a29f043eebea1f73990c3d1","2026-06-10T23:16:19.913000","2026-06-10T23:16:19.913000","service_4fa6979f-0d3e-486c-8eee-88cc8a4e0910","service+4fa6979f-0d3e-486c-8eee-88cc8a4e0910@no-reply.base44.com","false"
"T04","6a29ee41eb561cdd98c81183","AU_TECH","6a23f7b1afb245373265bc15","3","6a29f043eebea1f73990c3da","2026-06-10T23:16:19.913000","2026-06-10T23:16:19.913000","service_4fa6979f-0d3e-486c-8eee-88cc8a4e0910","service+4fa6979f-0d3e-486c-8eee-88cc8a4e0910@no-reply.base44.com","false"
"T03","6a29ee41eb561cdd98c81183","AU_TECH","6a23f7b1afb245373265bc14","3","6a29f043eebea1f73990c3d9","2026-06-10T23:16:19.913000","2026-06-10T23:16:19.913000","service_4fa6979f-0d3e-486c-8eee-88cc8a4e0910","service+4fa6979f-0d3e-486c-8eee-88cc8a4e0910@no-reply.base44.com","false"
"P03","6a29ee41eb561cdd98c81183","AU_PROC","6a23f7b1afb245373265bc0b","1","6a29f043eebea1f73990c3d0","2026-06-10T23:16:19.913000","2026-06-10T23:16:19.913000","service_4fa6979f-0d3e-486c-8eee-88cc8a4e0910","service+4fa6979f-0d3e-486c-8eee-88cc8a4e0910@no-reply.base44.com","false"
"T02","6a29ee41eb561cdd98c81183","AU_TECH","6a23f7b1afb245373265bc13","3","6a29f043eebea1f73990c3d8","2026-06-10T23:16:19.913000","2026-06-10T23:16:19.913000","service_4fa6979f-0d3e-486c-8eee-88cc8a4e0910","service+4fa6979f-0d3e-486c-8eee-88cc8a4e0910@no-reply.base44.com","false"
"P06","6a29ee41eb561cdd98c81183","AU_PROC","6a23f7b1afb245373265bc0e","3","6a29f043eebea1f73990c3d3","2026-06-10T23:16:19.913000","2026-06-10T23:16:19.913000","service_4fa6979f-0d3e-486c-8eee-88cc8a4e0910","service+4fa6979f-0d3e-486c-8eee-88cc8a4e0910@no-reply.base44.com","false"
"T05","6a29ee41eb561cdd98c81183","AU_TECH","6a23f7b1afb245373265bc16","2","6a29f043eebea1f73990c3db","2026-06-10T23:16:19.913000","2026-06-10T23:16:19.913000","service_4fa6979f-0d3e-486c-8eee-88cc8a4e0910","service+4fa6979f-0d3e-486c-8eee-88cc8a4e0910@no-reply.base44.com","false"
"P07","6a29ee41eb561cdd98c81183","AU_PROC","6a23f7b1afb245373265bc0f","1","6a29f043eebea1f73990c3d4","2026-06-10T23:16:19.913000","2026-06-10T23:16:19.913000","service_4fa6979f-0d3e-486c-8eee-88cc8a4e0910","service+4fa6979f-0d3e-486c-8eee-88cc8a4e0910@no-reply.base44.com","false"
"P05","6a29ee41eb561cdd98c81183","AU_PROC","6a23f7b1afb245373265bc0d","5","6a29f043eebea1f73990c3d2","2026-06-10T23:16:19.913000","2026-06-10T23:16:19.913000","service_4fa6979f-0d3e-486c-8eee-88cc8a4e0910","service+4fa6979f-0d3e-486c-8eee-88cc8a4e0910@no-reply.base44.com","false"
"T01","6a29ee41eb561cdd98c81183","AU_TECH","6a23f7b1afb245373265bc12","1","6a29f043eebea1f73990c3d7","2026-06-10T23:16:19.913000","2026-06-10T23:16:19.913000","service_4fa6979f-0d3e-486c-8eee-88cc8a4e0910","service+4fa6979f-0d3e-486c-8eee-88cc8a4e0910@no-reply.base44.com","false"
"P08","6a29ee41eb561cdd98c81183","AU_PROC","6a23f7b1afb245373265bc10","2","6a29f043eebea1f73990c3d5","2026-06-10T23:16:19.913000","2026-06-10T23:16:19.913000","service_4fa6979f-0d3e-486c-8eee-88cc8a4e0910","service+4fa6979f-0d3e-486c-8eee-88cc8a4e0910@no-reply.base44.com","false"
"P09","6a29ee41eb561cdd98c81183","AU_PROC","6a23f7b1afb245373265bc11","3","6a29f043eebea1f73990c3d6","2026-06-10T23:16:19.913000","2026-06-10T23:16:19.913000","service_4fa6979f-0d3e-486c-8eee-88cc8a4e0910","service+4fa6979f-0d3e-486c-8eee-88cc8a4e0910@no-reply.base44.com","false"
"P02","6a29ee41eb561cdd98c81183","AU_PROC","6a23f7b1afb245373265bc0a","3","6a29f043eebea1f73990c3cf","2026-06-10T23:16:19.913000","2026-06-10T23:16:19.913000","service_4fa6979f-0d3e-486c-8eee-88cc8a4e0910","service+4fa6979f-0d3e-486c-8eee-88cc8a4e0910@no-reply.base44.com","false"
"I01","6a29ee41eb561cdd98c81183","AU_INT","6a23f7b1afb245373265bc17","1","6a29f043eebea1f73990c3dc","2026-06-10T23:16:19.913000","2026-06-10T23:16:19.913000","service_4fa6979f-0d3e-486c-8eee-88cc8a4e0910","service+4fa6979f-0d3e-486c-8eee-88cc8a4e0910@no-reply.base44.com","false"
"P01","6a29ee41eb561cdd98c81183","AU_PROC","6a23f7b1afb245373265bc09","3","6a29f043eebea1f73990c3ce","2026-06-10T23:16:19.913000","2026-06-10T23:16:19.913000","service_4fa6979f-0d3e-486c-8eee-88cc8a4e0910","service+4fa6979f-0d3e-486c-8eee-88cc8a4e0910@no-reply.base44.com","false"