"recommendation_pt","color","emoji","preset_id","level","max_score","label_pt","recommendation_en","label_en","min_score","order","id","created_date","updated_date","created_by_id","created_by","is_sample"
"Melhoria contínua, automação, integração com estratégia e inovação.","#3b82f6","🔵","6a4c4366b759911e0a55aa7d","5","5","Otimizado","","Optimized","4.41","5","6a4c4433d290318fe663f7e7","2026-07-07T00:11:31.893000","2026-07-07T01:17:03.998000","6a1ffa8f65e8b7fd76edb32d","pedrooliveirarocha@gmail.com","false"
"Processos monitorizados, medidos e controlados. Uso de métricas e KPIs.","#22c55e","🟢","6a4c4366b759911e0a55aa7d","4","4.4","Gerido","","Managed","3.76","4","6a4c44219a5aead14bbee6b7","2026-07-07T00:11:13.564000","2026-07-07T01:17:16.445000","6a1ffa8f65e8b7fd76edb32d","pedrooliveirarocha@gmail.com","false"
"Processos documentados e padronizados. Implementação consistente em várias áreas.","#eab308","🟡","6a4c4366b759911e0a55aa7d","3","3.75","Definido","","Defined","3","3","6a4c43df50e233de4dc0f2b1","2026-07-07T00:10:07.882000","2026-07-07T01:17:27.434000","6a1ffa8f65e8b7fd76edb32d","pedrooliveirarocha@gmail.com","false"
"Algumas práticas existem, mas não são consistentes nem formalizadas. Dependência de pessoas.","#f97316","🟠","6a4c4366b759911e0a55aa7d","2","2.99","Repetível","","Repeatable","2","2","6a4c43a6e3d39f5bd09c0274","2026-07-07T00:09:10.371000","2026-07-07T01:17:35.450000","6a1ffa8f65e8b7fd76edb32d","pedrooliveirarocha@gmail.com","false"
"Processos inexistentes ou ad-hoc. Segurança reativa, sem controlo estruturado.","#ef4444","🔴","6a4c4366b759911e0a55aa7d","1","1.99","Inicial","","Initial","0.1","1","6a4c438e436349aea616f8c0","2026-07-07T00:08:46.661000","2026-07-07T01:17:41.713000","6a1ffa8f65e8b7fd76edb32d","pedrooliveirarocha@gmail.com","false"
"Projeto fundacional de dados e governance antes de considerar IA","#ef4444","🔴","6a4c422e149b4526cab7579e","1","1.99","Não Preparado","Foundational data and governance project before considering AI","Not Ready","0","1","6a4c423e149b4526cab757aa","2026-07-07T00:03:10.152000","2026-07-07T00:03:10.152000","6a1ffa8f65e8b7fd76edb32d","pedrooliveirarocha@gmail.com","false"
"Investir em quick wins de dados + formação; pilotos só em processos simples","#f97316","🟠","6a4c422e149b4526cab7579e","2","2.99","Emergente","Invest in data quick wins + training; pilots only in simple processes","Emerging","2","2","6a4c423e149b4526cab757ab","2026-07-07T00:03:10.152000","2026-07-07T00:03:10.152000","6a1ffa8f65e8b7fd76edb32d","pedrooliveirarocha@gmail.com","false"
"Pilotos focados nos gaps identificados; reforçar segurança e compliance","#eab308","🟡","6a4c422e149b4526cab7579e","3","3.59","Em Desenvolvimento","Pilots focused on identified gaps; reinforce security and compliance","Developing","3","3","6a4c423e149b4526cab757ac","2026-07-07T00:03:10.152000","2026-07-07T00:03:10.152000","6a1ffa8f65e8b7fd76edb32d","pedrooliveirarocha@gmail.com","false"
"Projetos de IA com confiança; focar em governance e ROI","#22c55e","🟢","6a4c422e149b4526cab7579e","4","4.29","Preparado","AI projects with confidence; focus on governance and ROI","Ready","3.6","4","6a4c423e149b4526cab757ad","2026-07-07T00:03:10.152000","2026-07-07T00:03:10.152000","6a1ffa8f65e8b7fd76edb32d","pedrooliveirarocha@gmail.com","false"
"Escalar, otimizar e inovar; explorar casos de uso avançados","#3b82f6","🔵","6a4c422e149b4526cab7579e","5","5","Avançado","Scale, optimise and innovate; explore advanced use cases","Advanced","4.3","5","6a4c423e149b4526cab757ae","2026-07-07T00:03:10.152000","2026-07-07T01:16:59.041000","6a1ffa8f65e8b7fd76edb32d","pedrooliveirarocha@gmail.com","false"