"code","description_en","assessment_template_id","icon","weight","name_pt","sub_assessment_template_id","description_pt","assessment_type","min_score","name_en","order","id","created_date","updated_date","created_by_id","created_by","is_sample"
"CNR","","6a4c340b0c337df3971baf9d","","10","[CoNeRe] Continuidade de Negócio e Resiliência","","","main","","","0","6a4c3f47a549ce1a73cfb8f2","2026-07-06T23:50:31.715000","2026-07-08T22:54:36.708000","6a1ffa8f65e8b7fd76edb32d","pedrooliveirarocha@gmail.com","false"
"MDRI","","6a4c340b0c337df3971baf9d","","20","[MoDeReIn] Monitorização, Deteção e Resposta a Incidentes","","","main","","","0","6a4c3f3f7a92a61cd858c091","2026-07-06T23:50:23.311000","2026-07-08T22:53:03.757000","6a1ffa8f65e8b7fd76edb32d","pedrooliveirarocha@gmail.com","false"
"SRS","","6a4c340b0c337df3971baf9d","","10","[SeReSi] Segurança de Redes e Sistemas","","","main","10","","0","6a4c3f2a7e2ec4c4bf3de0ea","2026-07-06T23:50:02.473000","2026-07-08T22:53:23.990000","6a1ffa8f65e8b7fd76edb32d","pedrooliveirarocha@gmail.com","false"
"SFA","","6a4c340b0c337df3971baf9d","","20","[SeFiAm] Segurança Física e Ambiental","","","main","","","0","6a4c3f1b44ccdcad29ab4da1","2026-07-06T23:49:47.379000","2026-07-08T22:53:40.087000","6a1ffa8f65e8b7fd76edb32d","pedrooliveirarocha@gmail.com","false"
"GIA","","6a4c340b0c337df3971baf9d","","15","[IAM] Gestão de Identidades e Acessos","","","main","","","0","6a4c3f0e3afbdcbc21036c19","2026-07-06T23:49:34.048000","2026-07-08T22:53:59.320000","6a1ffa8f65e8b7fd76edb32d","pedrooliveirarocha@gmail.com","false"
"GGR","","6a4c340b0c337df3971baf9d","","25","[GoGeRi] Governação e Gestão de Risco","","","main","","","0","6a4c3f022c7cf74ae2053af7","2026-07-06T23:49:22.322000","2026-07-08T22:54:20.543000","6a1ffa8f65e8b7fd76edb32d","pedrooliveirarocha@gmail.com","false"
"CJ07","","6a2bc3448112554c771dba80","","15","Económico & FinOps","","","main","","Economic & FinOps","7","6a2bc50074f2c95b92ad8540","2026-06-12T08:36:16.766000","2026-06-12T08:36:16.766000","6a1ffa8f65e8b7fd76edb32d","pedrooliveirarocha@gmail.com","false"
"CJ06","","6a2bc3448112554c771dba80","","10","Pessoas, Competências & Cultura","","","main","","People, Skills & Culture","6","6a2bc4ec092bd46aa8cb4a1a","2026-06-12T08:35:56.075000","2026-06-12T08:35:56.075000","6a1ffa8f65e8b7fd76edb32d","pedrooliveirarocha@gmail.com","false"
"CJ05","","6a2bc3448112554c771dba80","","10","Dados & Integração","","","main","","Data & Integration","5","6a2bc4d59406d8bde0e41301","2026-06-12T08:35:33.616000","2026-06-12T08:35:33.616000","6a1ffa8f65e8b7fd76edb32d","pedrooliveirarocha@gmail.com","false"
"CJ04","","6a2bc3448112554c771dba80","","15","Segurança & Conformidade","","","main","","Security & Compliance","4","6a2bc4be72e7bf588b310415","2026-06-12T08:35:10.116000","2026-06-12T08:35:10.116000","6a1ffa8f65e8b7fd76edb32d","pedrooliveirarocha@gmail.com","false"
"CJ03","","6a2bc3448112554c771dba80","","15","Infraestrutura & Operações (CloudOps)","","","main","","Infrastructure & Operations","3","6a2bc4a91ae326c5a43ecacc","2026-06-12T08:34:49.326000","2026-06-12T08:34:49.326000","6a1ffa8f65e8b7fd76edb32d","pedrooliveirarocha@gmail.com","false"
"CJ02","","6a2bc3448112554c771dba80","","20","Arquitetura & Aplicações","","","main","","Architecture & Applications","2","6a2bc48d01ffc9dc8b00676a","2026-06-12T08:34:21.088000","2026-06-12T08:34:21.088000","6a1ffa8f65e8b7fd76edb32d","pedrooliveirarocha@gmail.com","false"
"CJ01","","6a2bc3448112554c771dba80","","15","Estratégia & Governança Cloud","","","main","","Cloud Strategy & Governance","1","6a2bc4759406d8bde0e41173","2026-06-12T08:33:57.277000","2026-06-12T08:33:57.277000","6a1ffa8f65e8b7fd76edb32d","pedrooliveirarocha@gmail.com","false"
"AU_INT","APIs, system integration, and architectural resilience of automations.","6a200489486efd941f5a5ad3","","15","Integração e Arquitetura","","APIs, integração de sistemas e resiliência arquitetural das automações.","main","","Integration and Architecture","3","6a23f722ef5484d27e62fc71","2026-06-06T10:32:02.176000","2026-06-06T10:48:58.179000","6a1ffa8f65e8b7fd76edb32d","pedrooliveirarocha@gmail.com","false"
"AU_STRAT","Strategic alignment, leadership, and ambition in hyperautomation.","6a200489486efd941f5a5ad3","","10","Estratégia e Cultura","","Alinhamento estratégico, liderança e ambição em hiperautomação.","main","","Strategy and Culture","7","6a23f722ef5484d27e62fc75","2026-06-06T10:32:02.176000","2026-06-06T10:49:15.485000","6a1ffa8f65e8b7fd76edb32d","pedrooliveirarocha@gmail.com","false"
"AU_ECON","Budget, ROI, business cases, and cost management of automations.","6a200489486efd941f5a5ad3","","10","Económico e Financeiro","","Orçamento, ROI, business cases e gestão de custos das automações.","main","","Economic and Financial","6","6a23f722ef5484d27e62fc74","2026-06-06T10:32:02.176000","2026-06-06T10:49:11.908000","6a1ffa8f65e8b7fd76edb32d","pedrooliveirarocha@gmail.com","false"
"AU_SKILL","Internal skills, training, and culture of automation adoption.","6a200489486efd941f5a5ad3","","15","Pessoas e Competências","","Competências internas, formação e cultura de adoção da automação.","main","","People and Skills","4","6a23f722ef5484d27e62fc72","2026-06-06T10:32:02.176000","2026-06-06T10:49:02.041000","6a1ffa8f65e8b7fd76edb32d","pedrooliveirarocha@gmail.com","false"
"AU_PROC","Documentation, maturity, and identification of process candidates for automation.","6a200489486efd941f5a5ad3","","25","Processos","","Documentação, maturidade e identificação de processos candidatos a automação.","main","","Processes","1","6a23f722ef5484d27e62fc6f","2026-06-06T10:32:02.176000","2026-06-06T10:44:33.437000","6a1ffa8f65e8b7fd76edb32d","pedrooliveirarocha@gmail.com","false"
"AU_TECH","Tools, platforms, and technical capacity to support automations.","6a200489486efd941f5a5ad3","","15","Tecnologia e Ferramentas","","Ferramentas, plataformas e capacidade técnica para suportar automações.","main","","Technology and Tools","2","6a23f722ef5484d27e62fc70","2026-06-06T10:32:02.176000","2026-06-06T10:44:49.795000","6a1ffa8f65e8b7fd76edb32d","pedrooliveirarocha@gmail.com","false"
"AU_GOV","CoE, lifecycle, standards, and risk management of automations.","6a200489486efd941f5a5ad3","","10","Governança e Gestão","","CoE, ciclo de vida, standards e gestão de risco das automações.","main","","Governance and Management","5","6a23f722ef5484d27e62fc73","2026-06-06T10:32:02.176000","2026-06-06T10:49:08.295000","6a1ffa8f65e8b7fd76edb32d","pedrooliveirarocha@gmail.com","false"
"ds_completude","Sufficient data, without critical gaps","6a2a8dac41c88780780b9948","","15","Completude & Volume","","Dados suficientes, sem lacunas críticas","main","","Completeness & Volume","102","6a200399e3355a1eca58c6af","2026-06-03T10:36:09.766000","2026-06-11T10:31:06.790000","6a1ffa8f65e8b7fd76edb32d","pedrooliveirarocha@gmail.com","false"
"dados","Data quality, governance, volume and diversity","6a200204bf5137fabf029c4e","","25","Dados","6a2a8dac41c88780780b9948","Qualidade, governação, volume e diversidade dos dados","main","2.5","Data","1","6a200399e3355a1eca58c6bc","2026-06-03T10:36:09.766000","2026-06-11T10:37:52.227000","6a1ffa8f65e8b7fd76edb32d","pedrooliveirarocha@gmail.com","false"
"ds_arquitetura","Traceable and reproducible data pipelines","6a2a8dac41c88780780b9948","","10","Arquitetura & Linhagem","","Pipelines de dados rastreáveis e reprodutíveis","main","","Architecture & Lineage","106","6a200399e3355a1eca58c6b5","2026-06-03T10:36:09.766000","2026-06-11T10:31:24.011000","6a1ffa8f65e8b7fd76edb32d","pedrooliveirarocha@gmail.com","false"
"ds_qualidade","Accuracy, validity and reliability of data","6a2a8dac41c88780780b9948","","20","Qualidade Intrínseca","","Exatidão, validade, fiabilidade dos dados","main","","Intrinsic Quality","101","6a200399e3355a1eca58c6b2","2026-06-03T10:36:09.766000","2026-06-11T10:31:02","6a1ffa8f65e8b7fd76edb32d","pedrooliveirarocha@gmail.com","false"
"ds_documentacao","Documented, catalogued and understandable data","6a2a8dac41c88780780b9948","","10","Documentação & Metadata","","Dados documentados, catálogados, compreensíveis","main","","Documentation & Metadata","107","6a200399e3355a1eca58c6b0","2026-06-03T10:36:09.766000","2026-06-11T10:31:26.957000","6a1ffa8f65e8b7fd76edb32d","pedrooliveirarocha@gmail.com","false"
"ds_privacidade","GDPR compliance, anonymisation, bias, consent","6a2a8dac41c88780780b9948","","10","Privacidade & Ética","","Conformidade RGPD, anonimização, viés, consentimento","main","","Privacy & Ethics","108","6a200399e3355a1eca58c6b1","2026-06-03T10:36:09.766000","2026-06-11T10:31:30.246000","6a1ffa8f65e8b7fd76edb32d","pedrooliveirarocha@gmail.com","false"
"pessoas","AI competencies, culture and leadership","6a200204bf5137fabf029c4e","","15","Pessoas","","Competências, cultura e liderança para IA","main","","People","4","6a200399e3355a1eca58c6b7","2026-06-03T10:36:09.766000","2026-06-03T10:37:00.540000","6a1ffa8f65e8b7fd76edb32d","pedrooliveirarocha@gmail.com","false"
"ds_atualidade","Data updated at the required frequency","6a2a8dac41c88780780b9948","","10","Atualidade & Frescura","","Dados atualizados com a frequência necessária","main","","Timeliness & Freshness","104","6a200399e3355a1eca58c6b3","2026-06-03T10:36:09.766000","2026-06-11T10:31:13.475000","6a1ffa8f65e8b7fd76edb32d","pedrooliveirarocha@gmail.com","false"
"ds_consistencia","Data consistent across systems, without conflicts","6a2a8dac41c88780780b9948","","15","Consistência & Integridade","","Dados coerentes entre sistemas, sem conflitos","main","","Consistency & Integrity","103","6a200399e3355a1eca58c6b6","2026-06-03T10:36:09.766000","2026-06-11T10:31:10.007000","6a1ffa8f65e8b7fd76edb32d","pedrooliveirarocha@gmail.com","false"
"tecnologia","Infrastructure, integration and technological capacity","6a200204bf5137fabf029c4e","","20","Tecnologia","","Infraestrutura, integração e capacidade tecnológica","main","","Technology","2","6a200399e3355a1eca58c6ba","2026-06-03T10:36:09.766000","2026-06-03T10:36:51.888000","6a1ffa8f65e8b7fd76edb32d","pedrooliveirarocha@gmail.com","false"
"ds_acessibilidade","Accessible, integrable data without blocking silos","6a2a8dac41c88780780b9948","","10","Acessibilidade & Integração","","Dados acessíveis, integráveis, sem silos bloqueantes","main","","Accessibility & Integration","105","6a200399e3355a1eca58c6b4","2026-06-03T10:36:09.766000","2026-06-11T10:31:21.096000","6a1ffa8f65e8b7fd76edb32d","pedrooliveirarocha@gmail.com","false"
"estrategia","Strategic vision, budget and governance for AI","6a200204bf5137fabf029c4e","","10","Estratégia","","Visão estratégica, budget e governance para IA","main","","Strategy","6","6a200399e3355a1eca58c6b9","2026-06-03T10:36:09.766000","2026-06-03T10:37:12.933000","6a1ffa8f65e8b7fd76edb32d","pedrooliveirarocha@gmail.com","false"
"processos","Process mapping, automation and maturity","6a200204bf5137fabf029c4e","","15","Processos","","Mapeamento, automação e maturidade dos processos","main","","Processes","3","6a200399e3355a1eca58c6b8","2026-06-03T10:36:09.766000","2026-06-03T10:36:56.657000","6a1ffa8f65e8b7fd76edb32d","pedrooliveirarocha@gmail.com","false"
"seguranca","Data protection, compliance and AI governance","6a200204bf5137fabf029c4e","","15","Segurança","","Proteção de dados, conformidade e governance de IA","main","","Security","5","6a200399e3355a1eca58c6bb","2026-06-03T10:36:09.766000","2026-06-03T10:37:08.847000","6a1ffa8f65e8b7fd76edb32d","pedrooliveirarocha@gmail.com","false"