code,subsection_pt,text_en,anchor_3_en,anchor_4_en,anchor_1_pt,anchor_5_en,text_pt,anchor_2_pt,anchor_3_pt,anchor_4_pt,anchor_5_pt,anchor_2_en,anchor_1_en,subsection_en,pillar_code,order,id,created_date,updated_date,created_by_id,created_by,is_sample
"D02","1.1 Qualidade dos dados","What is the level of duplication, inconsistency and missing data in main systems?","Known, with ad-hoc correction","Monitored, with cleaning routines","Muito elevado / desconhecido","Quality measured by KPIs, automated correction","Qual o nível de duplicação, inconsistência e dados em falta nos sistemas principais?","Elevado, sem plano de correção","Conhecido, com correção pontual","Monitorizado, com rotinas de limpeza","Qualidade medida por KPIs, correção automatizada","High, no correction plan","Very high / unknown","1.1 Data Quality","dados","2","6a24009c6f86448d61015094","2026-06-06T11:12:28.552000","2026-06-06T11:12:28.552000","6a1ffa8f65e8b7fd76edb32d","pedrooliveirarocha@gmail.com","false"
"D03","1.1 Qualidade dos dados","Are there data validation processes at entry points?","In most systems","In all systems, with documented rules","Não","Automated with alerts and feedback loops","Existem processos de validação de dados à entrada?","Em alguns sistemas","Na maioria dos sistemas","Em todos, com regras documentadas","Automatizados com alertas e feedback loops","In some systems","No","1.1 Data Quality","dados","3","6a24009c6f86448d61015095","2026-06-06T11:12:28.552000","2026-06-06T11:12:28.552000","6a1ffa8f65e8b7fd76edb32d","pedrooliveirarocha@gmail.com","false"
"D06","1.2 Governação de dados","Is data accessible in an integrated way or does it live in silos?","Partial integration via ETL","Centralised data platform","Silos completos","Data mesh/fabric with self-service access","Os dados estão acessíveis de forma integrada ou vivem em silos?","Alguns silos ligados manualmente","Integração parcial via ETL","Plataforma de dados centralizada","Data mesh/fabric com acesso self-service","Some silos linked manually","Complete silos","1.2 Data Governance","dados","6","6a24009c6f86448d61015096","2026-06-06T11:12:28.552000","2026-06-06T11:12:28.552000","6a1ffa8f65e8b7fd76edb32d","pedrooliveirarocha@gmail.com","false"
"T03","","Do core APIs and systems allow integration with new solutions?","APIs available in main systems","API-first in most systems","Sistemas fechados","Service-oriented, integrable architecture","As APIs e sistemas core permitem integração com novas soluções?","APIs limitadas","APIs disponíveis nos principais sistemas","API-first na maioria","Arquitetura orientada a serviços, integrável","Limited APIs","Closed systems","","tecnologia","11","6a24009c6f86448d61015097","2026-06-06T11:12:28.552000","2026-06-06T11:12:28.552000","6a1ffa8f65e8b7fd76edb32d","pedrooliveirarocha@gmail.com","false"
"DI02","","","","","Não","","Existem APIs ou conectores para aceder aos dados dos sistemas fonte?","Acesso direto a BD (consultas ad hoc)","APIs em alguns sistemas","APIs na maioria, documentadas","API-first, catálogo de APIs, versionadas","","","","ds_acessibilidade","1021","6a24009c6f86448d61015050","2026-06-06T11:12:28.551000","2026-06-06T11:12:28.551000","6a1ffa8f65e8b7fd76edb32d","pedrooliveirarocha@gmail.com","false"
"DV05","","","","","Desconhecido","","Existem classes/categorias sub-representadas que possam causar viés no modelo?","Sim, desequilíbrio severo","Sim, desequilíbrio moderado","Identificado, com plano de mitigação","Balanceado ou com técnicas de compensação aplicadas","","","","ds_completude","1010","6a24009c6f86448d61015051","2026-06-06T11:12:28.551000","2026-06-06T11:12:28.551000","6a1ffa8f65e8b7fd76edb32d","pedrooliveirarocha@gmail.com","false"
"DM04","","","","","Não","","Os datasets têm informação sobre qualidade, frescura e fiabilidade (data quality scores)?","Perceção subjetiva","Métricas básicas calculadas ad hoc","Métricas automatizadas e visíveis","Quality scores integrados no catálogo com histórico","","","","ds_documentacao","1032","6a24009c6f86448d61015052","2026-06-06T11:12:28.551000","2026-06-06T11:12:28.551000","6a1ffa8f65e8b7fd76edb32d","pedrooliveirarocha@gmail.com","false"
"DQ02","","","","","Não","","Existem regras de validação definidas para os campos-chave?","Em alguns campos","Na maioria dos campos","Em todos, documentadas","Automatizadas com alertas","","","","ds_qualidade","1002","6a24009c6f86448d61015053","2026-06-06T11:12:28.551000","2026-06-06T11:12:28.551000","6a1ffa8f65e8b7fd76edb32d","pedrooliveirarocha@gmail.com","false"
"DI05","","","","","Não ou com grande dificuldade","","Os dados podem ser exportados em formatos standard para ferramentas de IA (CSV, Parquet, JSON, via API)?","Exportação manual em formatos básicos","Exportação automatizada em formatos standard","Múltiplos formatos disponíveis via pipeline","Exposição nativa em formatos otimizados para ML","","","","ds_acessibilidade","1024","6a24009c6f86448d61015054","2026-06-06T11:12:28.551000","2026-06-06T11:12:28.551000","6a1ffa8f65e8b7fd76edb32d","pedrooliveirarocha@gmail.com","false"
"DC05","","","","","Não","","Existem regras de integridade referencial implementadas nas bases de dados?","Em algumas tabelas","Na maioria das tabelas core","Em todas as tabelas críticas","Completas com cascading e audit trail","","","","ds_consistencia","1015","6a24009c6f86448d61015055","2026-06-06T11:12:28.551000","2026-06-06T11:12:28.551000","6a1ffa8f65e8b7fd76edb32d","pedrooliveirarocha@gmail.com","false"
"DM02","","","","","Não","","Os datasets relevantes têm descrição de campos (data dictionary)?","Para alguns datasets","Para a maioria","Para todos os datasets críticos","Completo, com exemplos, tipos, regras e owners","","","","ds_documentacao","1030","6a24009c6f86448d61015056","2026-06-06T11:12:28.551000","2026-06-06T11:12:28.551000","6a1ffa8f65e8b7fd76edb32d","pedrooliveirarocha@gmail.com","false"
"DI01","","","","","Não, silos completos","","Os dados necessários estão acessíveis a partir de uma camada unificada (data warehouse, lake, lakehouse)?","Alguns dados centralizados, maioria em silos","Centralização parcial, acesso manual a silos","Plataforma centralizada para a maioria dos dados","Data platform unificada com acesso self-service","","","","ds_acessibilidade","1020","6a24009c6f86448d61015057","2026-06-06T11:12:28.551000","2026-06-06T11:12:28.551000","6a1ffa8f65e8b7fd76edb32d","pedrooliveirarocha@gmail.com","false"
"DM03","","","","","Não","","Está documentado o significado de negócio de cada campo (business glossary)?","Conhecimento oral","Glossário parcial","Glossário mantido e partilhado","Glossário integrado no catálogo, governado","","","","ds_documentacao","1031","6a24009c6f86448d61015058","2026-06-06T11:12:28.551000","2026-06-06T11:12:28.551000","6a1ffa8f65e8b7fd76edb32d","pedrooliveirarocha@gmail.com","false"
"DI04","","","","","Não, formatos incompatíveis","","É possível cruzar dados de diferentes fontes sem esforço significativo de transformação?","Possível mas com trabalho manual significativo","ETL desenvolvido para os fluxos principais","Pipelines de integração automatizados","Data mesh/fabric com integração self-service","","","","ds_acessibilidade","1023","6a24009c6f86448d61015059","2026-06-06T11:12:28.551000","2026-06-06T11:12:28.551000","6a1ffa8f65e8b7fd76edb32d","pedrooliveirarocha@gmail.com","false"
"DL01","","","","","Não","","É possível rastrear a origem de um dado desde a fonte até ao ponto de consumo (data lineage)?","Conhecimento tácito em pessoas-chave","Documentação parcial, manual","Linhagem documentada nos fluxos principais","Lineage automático com ferramentas dedicadas","","","","ds_arquitetura","1025","6a24009c6f86448d6101505a","2026-06-06T11:12:28.551000","2026-06-06T11:12:28.551000","6a1ffa8f65e8b7fd76edb32d","pedrooliveirarocha@gmail.com","false"
"DM01","","","","","Não","","Existe um catálogo de dados (data catalog) acessível?","Lista informal / spreadsheet","Catálogo básico, parcialmente preenchido","Catálogo completo, mantido","Catálogo automatizado com discovery e profiling","","","","ds_documentacao","1029","6a24009c6f86448d6101505b","2026-06-06T11:12:28.551000","2026-06-06T11:12:28.551000","6a1ffa8f65e8b7fd76edb32d","pedrooliveirarocha@gmail.com","false"
"DP03","","","","","Desconhecido","","Os consentimentos necessários (RGPD) cobrem a utilização dos dados para treino/inferência de IA?","Provavelmente não","Em avaliação","Consentimentos revistos, gaps identificados","Consentimentos alinhados, documentados e auditáveis","","","","ds_privacidade","1036","6a24009c6f86448d6101505c","2026-06-06T11:12:28.551000","2026-06-06T11:12:28.551000","6a1ffa8f65e8b7fd76edb32d","pedrooliveirarocha@gmail.com","false"
"DV02","","","","","Claramente insuficiente","","O volume de registos é suficiente para o tipo de modelo/solução de IA pretendido?","Marginal, limita abordagens","Suficiente para modelos simples","Suficiente para a maioria dos modelos","Abundante, permite experimentação","","","","ds_completude","1007","6a24009c6f86448d6101505d","2026-06-06T11:12:28.551000","2026-06-06T11:12:28.551000","6a1ffa8f65e8b7fd76edb32d","pedrooliveirarocha@gmail.com","false"
"DC04","","","","","Cada sistema tem o seu formato","","Os formatos de dados são padronizados (datas, moedas, unidades, codificações)?","Padronização parcial","Padronização na maioria dos sistemas","Standards definidos e aplicados","Standards automaticamente enforced","","","","ds_consistencia","1014","6a24009c6f86448d6101505e","2026-06-06T11:12:28.551000","2026-06-06T11:12:28.551000","6a1ffa8f65e8b7fd76edb32d","pedrooliveirarocha@gmail.com","false"
"DA01","","","","","Irregularmente / desconhecido","","Com que frequência os dados relevantes são atualizados?","Manualmente, quando alguém se lembra","Batch periódico (diário/semanal)","Batch frequente com SLAs definidos","Tempo real ou near-real-time","","","","ds_atualidade","1016","6a24009c6f86448d6101505f","2026-06-06T11:12:28.551000","2026-06-06T11:12:28.551000","6a1ffa8f65e8b7fd76edb32d","pedrooliveirarocha@gmail.com","false"
"DA02","","","","","Dias/semanas ou desconhecido","","O atraso entre a criação/alteração do dado e a sua disponibilidade para análise é aceitável para o caso de uso?","Horas a dias","Horas, aceitável","Minutos a horas","Segundos a minutos","","","","ds_atualidade","1017","6a24009c6f86448d61015060","2026-06-06T11:12:28.551000","2026-06-06T11:12:28.551000","6a1ffa8f65e8b7fd76edb32d","pedrooliveirarocha@gmail.com","false"
"DP04","","","","","Não","","Foi avaliado o risco de viés (bias) nos dados que alimentarão modelos de IA?","Consciência do risco, sem análise","Análise básica feita","Análise documentada com plano de mitigação","Framework de fairness implementado com testes recorrentes","","","","ds_privacidade","1037","6a24009c6f86448d61015061","2026-06-06T11:12:28.551000","2026-06-06T11:12:28.551000","6a1ffa8f65e8b7fd76edb32d","pedrooliveirarocha@gmail.com","false"
"DV01","","","","",">30% ou desconhecido","","Qual a percentagem de campos nulos/vazios nos atributos críticos para o caso de uso?","15-30%","5-15%","1-5%, com estratégia de imputação","<1%, completude monitorizada","","","","ds_completude","1006","6a24009c6f86448d61015062","2026-06-06T11:12:28.551000","2026-06-06T11:12:28.551000","6a1ffa8f65e8b7fd76edb32d","pedrooliveirarocha@gmail.com","false"
"DL03","","","","","Não, tudo misturado","","Existe separação clara entre dados brutos, transformados e prontos para consumo (camadas bronze/silver/gold ou equivalente)?","Separação informal","Camadas definidas para alguns fluxos","Arquitetura em camadas implementada","Medallion architecture ou equivalente, governada","","","","ds_arquitetura","1027","6a24009c6f86448d61015063","2026-06-06T11:12:28.551000","2026-06-06T11:12:28.551000","6a1ffa8f65e8b7fd76edb32d","pedrooliveirarocha@gmail.com","false"
"DL04","","","","","Não","","Os pipelines de dados são monitorizados (falhas, latência, qualidade)?","Alertas básicos de falha","Monitorização de falhas e latência","Monitorização completa com SLAs","Observabilidade de dados com quality gates","","","","ds_arquitetura","1028","6a24009c6f86448d61015064","2026-06-06T11:12:28.551000","2026-06-06T11:12:28.551000","6a1ffa8f65e8b7fd76edb32d","pedrooliveirarocha@gmail.com","false"
"DC02","","","","","Abundantes / desconhecido","","Existem duplicados nos datasets relevantes?","Frequentes (>10%)","Moderados (3-10%)","Raros (<3%), com dedup periódico","Controlados automaticamente","","","","ds_consistencia","1012","6a24009c6f86448d61015065","2026-06-06T11:12:28.551000","2026-06-06T11:12:28.551000","6a1ffa8f65e8b7fd76edb32d","pedrooliveirarocha@gmail.com","false"
"DI03","","","","","Sem controlo ou tudo aberto","","O acesso aos dados está restrito por perfis/funções (não é 'tudo ou nada')?","Controlo básico (admin vs. user)","RBAC em alguns sistemas","RBAC em todos os sistemas relevantes","Fine-grained access control + row/column level security","","","","ds_acessibilidade","1022","6a24009c6f86448d61015066","2026-06-06T11:12:28.551000","2026-06-06T11:12:28.551000","6a1ffa8f65e8b7fd76edb32d","pedrooliveirarocha@gmail.com","false"
"DP02","","","","","Não","","Existem mecanismos de anonimização/pseudonimização aplicados aos dados para IA?","Apenas remoção manual de campos óbvios","Pseudonimização básica em alguns datasets","Anonimização/pseudonimização sistemática","Técnicas avançadas (differential privacy, k-anonymity, synthetic data)","","","","ds_privacidade","1035","6a24009c6f86448d61015067","2026-06-06T11:12:28.551000","2026-06-06T11:12:28.551000","6a1ffa8f65e8b7fd76edb32d","pedrooliveirarocha@gmail.com","false"
"DC01","","","","","Contradições frequentes / desconhecido","","Os mesmos dados em sistemas diferentes são consistentes entre si?","Contradições frequentes, conhecidas","Algumas inconsistências, resolução manual","Maioritariamente consistentes, reconciliação periódica","Consistência garantida por master data management","","","","ds_consistencia","1011","6a24009c6f86448d61015068","2026-06-06T11:12:28.551000","2026-06-06T11:12:28.551000","6a1ffa8f65e8b7fd76edb32d","pedrooliveirarocha@gmail.com","false"
"DM05","","","","","Não ou muito desatualizada","","A metadata técnica (schema, tipos, relações) está atualizada e acessível?","Parcial","Atualizada para os sistemas principais","Completa e acessível","Auto-descoberta com schema evolution tracking","","","","ds_documentacao","1033","6a24009c6f86448d61015069","2026-06-06T11:12:28.551000","2026-06-06T11:12:28.551000","6a1ffa8f65e8b7fd76edb32d","pedrooliveirarocha@gmail.com","false"
"DQ01","","","","","Desconhecida","","Qual a taxa de erros/anomalias conhecida nos dados críticos para o caso de uso?",">20% de registos com problemas","10-20%","2-10%, monitorizada","<2%, com correção automática","","","","ds_qualidade","1001","6a24009c6f86448d6101506a","2026-06-06T11:12:28.551000","2026-06-06T11:12:28.551000","6a1ffa8f65e8b7fd76edb32d","pedrooliveirarocha@gmail.com","false"
"DA04","","","","","Desconhecido","","Os dados de treino/referência refletem o contexto atual do negócio (concept drift)?","Dados desatualizados face à realidade","Algum desfasamento reconhecido","Atualização periódica planeada","Monitorização contínua de drift com re-treino","","","","ds_atualidade","1019","6a24009c6f86448d6101506b","2026-06-06T11:12:28.551000","2026-06-06T11:12:28.551000","6a1ffa8f65e8b7fd76edb32d","pedrooliveirarocha@gmail.com","false"
"DP01","","","","","Não","","Os dados pessoais nos datasets relevantes estão identificados e classificados?","Parcialmente","Na maioria dos datasets","Em todos os datasets críticos","Classificação automatizada com scanning","","","","ds_privacidade","1034","6a24009c6f86448d6101506c","2026-06-06T11:12:28.551000","2026-06-06T11:12:28.551000","6a1ffa8f65e8b7fd76edb32d","pedrooliveirarocha@gmail.com","false"
"DQ03","","","","","Não verificado","","Os valores dos dados correspondem à realidade que representam (exatidão)?","Verificação pontual","Verificação periódica por amostragem","Verificação sistemática","Validação cruzada automática com fontes externas","","","","ds_qualidade","1003","6a24009c6f86448d6101506d","2026-06-06T11:12:28.551000","2026-06-06T11:12:28.551000","6a1ffa8f65e8b7fd76edb32d","pedrooliveirarocha@gmail.com","false"
"DA03","","","","","Não","","Existem mecanismos de deteção de dados obsoletos ou stale?","Verificação manual ocasional","Alertas básicos","Monitorização automática","Políticas de expiração e archiving automatizados","","","","ds_atualidade","1018","6a24009c6f86448d6101506e","2026-06-06T11:12:28.551000","2026-06-06T11:12:28.551000","6a1ffa8f65e8b7fd76edb32d","pedrooliveirarocha@gmail.com","false"
"DQ04","","","","","Abundantes / desconhecido","","Existem outliers, valores impossíveis ou fora de gama nos datasets relevantes?","Frequentes, sem tratamento","Identificados, tratamento manual","Identificados e tratados automaticamente","Deteção proativa com regras e ML","","","","ds_qualidade","1004","6a24009c6f86448d6101506f","2026-06-06T11:12:28.551000","2026-06-06T11:12:28.551000","6a1ffa8f65e8b7fd76edb32d","pedrooliveirarocha@gmail.com","false"
"DL02","","","","","Não","","As transformações aplicadas aos dados estão documentadas e são reprodutíveis?","Scripts ad hoc, não versionados","Documentação parcial, scripts em repositório","Pipelines versionados e documentados","CI/CD para dados, testes automatizados","","","","ds_arquitetura","1026","6a24009c6f86448d61015070","2026-06-06T11:12:28.551000","2026-06-06T11:12:28.551000","6a1ffa8f65e8b7fd76edb32d","pedrooliveirarocha@gmail.com","false"
"DQ05","","","","","Muito inconsistentes","","Os dados textuais (se aplicável) têm qualidade suficiente (ortografia, estrutura, idioma consistente)?","Inconsistentes","Razoáveis com variação","Normalizados na maioria","Limpos, normalizados e enriquecidos","","","","ds_qualidade","1005","6a24009c6f86448d61015071","2026-06-06T11:12:28.551000","2026-06-06T11:12:28.551000","6a1ffa8f65e8b7fd76edb32d","pedrooliveirarocha@gmail.com","false"
"DV03","","","","","<3 meses","","Existe profundidade temporal adequada (histórico) para o caso de uso?","3-6 meses","6-12 meses","1-3 anos",">3 anos, granulado","","","","ds_completude","1008","6a24009c6f86448d61015072","2026-06-06T11:12:28.551000","2026-06-06T11:12:28.551000","6a1ffa8f65e8b7fd76edb32d","pedrooliveirarocha@gmail.com","false"
"DV04","","","","","Cobertura muito limitada","","Os dados cobrem a diversidade de cenários necessários (segmentos, geografias, sazonalidade)?","Parcial, com lacunas evidentes","Razoável, gaps conhecidos","Boa cobertura, gaps menores","Cobertura completa e representativa","","","","ds_completude","1009","6a24009c6f86448d61015073","2026-06-06T11:12:28.551000","2026-06-06T11:12:28.551000","6a1ffa8f65e8b7fd76edb32d","pedrooliveirarocha@gmail.com","false"
"DC03","","","","","Não existem ou não são fiáveis","","As chaves de ligação entre tabelas/sistemas são fiáveis?","Parciais, com muitos órfãos","Funcionais na maioria dos casos","Fiáveis, com integridade referencial","Governadas, auditadas e completas","","","","ds_consistencia","1013","6a24009c6f86448d61015074","2026-06-06T11:12:28.551000","2026-06-06T11:12:28.551000","6a1ffa8f65e8b7fd76edb32d","pedrooliveirarocha@gmail.com","false"
"DP05","","","","","Não","","Existe uma avaliação de impacto sobre proteção de dados (DPIA) para o uso de IA?","Em consideração","Iniciada","Completa para os casos de uso prioritários","DPIA integrada no processo de lançamento de qualquer modelo","","","","ds_privacidade","1038","6a24009c6f86448d61015075","2026-06-06T11:12:28.551000","2026-06-06T11:12:28.551000","6a1ffa8f65e8b7fd76edb32d","pedrooliveirarocha@gmail.com","false"
"DP06","","","","","Não é possível / desconhecido","","Os dados de treino podem ser eliminados/corrigidos se um titular exercer os seus direitos?","Possível mas com grande esforço manual","Processo definido, execução manual","Processo semi-automatizado","Automatizado com audit trail completo","","","","ds_privacidade","1039","6a24009c6f86448d61015076","2026-06-06T11:12:28.551000","2026-06-06T11:12:28.551000","6a1ffa8f65e8b7fd76edb32d","pedrooliveirarocha@gmail.com","false"
"G03","","Is there a governance model for AI projects (ownership, ethics, review)?","Basic framework defined","Active governance with committee","Não","Mature governance with ethics, review and improvement","Existe um modelo de governance para projetos de IA (ownership, ética, revisão)?","Discussão inicial","Framework básico definido","Governance ativo com comité","Governance maduro com ética, revisão e melhoria","Initial discussion","No","","estrategia","32","6a24009c6f86448d61015077","2026-06-06T11:12:28.551000","2026-06-06T11:12:28.551000","6a1ffa8f65e8b7fd76edb32d","pedrooliveirarocha@gmail.com","false"
"H01","","Is there digital and data literacy in the organisation?","Basic training available","Active upskilling programmes","Muito baixa","Cross-organisational data-driven culture","Existe literacia digital e de dados na organização?","Concentrada em TI","Formação básica disponível","Programas de upskilling ativos","Cultura data-driven transversal","Concentrated in IT","Very low","","pessoas","19","6a24009c6f86448d61015078","2026-06-06T11:12:28.551000","2026-06-06T11:12:28.551000","6a1ffa8f65e8b7fd76edb32d","pedrooliveirarocha@gmail.com","false"
"S02","","Is the organisation aware of and preparing for the European AI Act?","Impact assessment started","Compliance plan in execution","Desconhece","Compliance integrated in governance","A organização conhece e está a preparar-se para o AI Act europeu?","Consciência básica","Avaliação de impacto iniciada","Plano de conformidade em execução","Conformidade integrada no governance","Basic awareness","Unaware","","seguranca","25","6a24009c6f86448d61015079","2026-06-06T11:12:28.551000","2026-06-06T11:12:28.551000","6a1ffa8f65e8b7fd76edb32d","pedrooliveirarocha@gmail.com","false"
"T04","","Is there performance and availability monitoring of systems?","Application monitoring","Full observability","Não","AIOps with proactive detection","Existe monitorização do desempenho e disponibilidade dos sistemas?","Básica (uptime)","Monitorização aplicacional","Observabilidade completa","AIOps com deteção proativa","Basic (uptime)","No","","tecnologia","12","6a24009c6f86448d6101507a","2026-06-06T11:12:28.551000","2026-06-06T11:12:28.551000","6a1ffa8f65e8b7fd76edb32d","pedrooliveirarocha@gmail.com","false"
"P03","","Do any processes already have some level of automation (RPA, workflows, rules)?","RPA or workflows in some processes","Significant automation with orchestration","Nenhuma automação","Hyperautomation with intelligent decisions","Já existem processos com algum nível de automação (RPA, workflows, regras)?","Automação pontual com macros/scripts","RPA ou workflows em alguns processos","Automação significativa com orchestration","Hiperautomação com decisão inteligente","Ad-hoc automation with macros/scripts","No automation","","processos","16","6a24009c6f86448d6101507b","2026-06-06T11:12:28.551000","2026-06-06T11:12:28.551000","6a1ffa8f65e8b7fd76edb32d","pedrooliveirarocha@gmail.com","false"
"S06","","Is there compliance with NIS2 in relevant aspects?","Gap analysis done","Remediation plan in progress","Desconhece","Demonstrable compliance","Existe conformidade com NIS2 nos aspetos relevantes?","Avaliação inicial","Gap analysis feita","Plano de remediação em curso","Conformidade demonstrável","Initial assessment","Unaware","","seguranca","29","6a24009c6f86448d6101507c","2026-06-06T11:12:28.551000","2026-06-06T11:12:28.551000","6a1ffa8f65e8b7fd76edb32d","pedrooliveirarocha@gmail.com","false"
"H04","","Is there cultural resistance to change and automation?","Some openness in pilot areas","Widespread openness with champions","Resistência muito elevada","Culture of experimentation and innovation","Há resistência cultural à mudança e à automação?","Resistência significativa","Alguma abertura em áreas piloto","Abertura generalizada com champions","Cultura de experimentação e inovação","Significant resistance","Very high resistance","","pessoas","22","6a24009c6f86448d6101507d","2026-06-06T11:12:28.551000","2026-06-06T11:12:28.551000","6a1ffa8f65e8b7fd76edb32d","pedrooliveirarocha@gmail.com","false"
"P04","","Do processes have controlled variability or are they highly inconsistent?","Standardised with documented exceptions","Standardised and stable","Altamente inconsistentes","Optimised and adaptable","Os processos têm variabilidade controlada ou são altamente inconsistentes?","Variáveis com muitas exceções","Padronizados com exceções documentadas","Padronizados e estáveis","Otimizados e adaptáveis","Variable with many exceptions","Highly inconsistent","","processos","17","6a24009c6f86448d6101507e","2026-06-06T11:12:28.551000","2026-06-06T11:12:28.551000","6a1ffa8f65e8b7fd76edb32d","pedrooliveirarocha@gmail.com","false"
"H05","","Is there a training and change management plan for AI?","Basic plan designed","Plan in execution with metrics","Não","Continuous programme integrated into talent development","Existe um plano de formação e gestão da mudança para IA?","Intenção sem plano","Plano básico desenhado","Plano em execução com métricas","Programa contínuo integrado no desenvolvimento de talento","Intention without a plan","No","","pessoas","23","6a24009c6f86448d6101507f","2026-06-06T11:12:28.551000","2026-06-06T11:12:28.551000","6a1ffa8f65e8b7fd76edb32d","pedrooliveirarocha@gmail.com","false"
"S04","","Are there role-based access controls (RBAC) and least privilege principle?","In most systems","In all systems, audited","Não","Zero trust implemented","Há controlos de acesso baseados em funções (RBAC) e princípio do menor privilégio?","Parcial","Na maioria dos sistemas","Em todos os sistemas, auditado","Zero trust implementado","Partial","No","","seguranca","27","6a24009c6f86448d61015080","2026-06-06T11:12:28.551000","2026-06-06T11:12:28.551000","6a1ffa8f65e8b7fd76edb32d","pedrooliveirarocha@gmail.com","false"
"P02","","Are metrics (KPIs) defined for processes to be improved with AI?","KPIs defined but not monitored","KPIs regularly monitored","Não","Real-time dashboards with alerts","Existem métricas (KPIs) definidas para os processos que se pretende melhorar com IA?","Métricas vagas ou informais","KPIs definidos mas não monitorizados","KPIs monitorizados regularmente","Dashboards em tempo real com alertas","Vague or informal metrics","No","","processos","15","6a24009c6f86448d61015081","2026-06-06T11:12:28.551000","2026-06-06T11:12:28.551000","6a1ffa8f65e8b7fd76edb32d","pedrooliveirarocha@gmail.com","false"
"S01","","Is there data classification (public, internal, confidential, personal)?","Classification defined, inconsistent application","Classification applied in most systems","Não","Automated with DLP and access controls","Existe classificação de dados (públicos, internos, confidenciais, pessoais)?","Parcial e informal","Classificação definida, aplicação inconsistente","Classificação aplicada na maioria dos sistemas","Automatizada com DLP e controlos de acesso","Partial and informal","No","","seguranca","24","6a24009c6f86448d61015082","2026-06-06T11:12:28.551000","2026-06-06T11:12:28.551000","6a1ffa8f65e8b7fd76edb32d","pedrooliveirarocha@gmail.com","false"
"T05","","Is there capacity to process and store data at scale?","Partial auto-scaling","Full auto-scaling","Limitações frequentes","Optimised with cost management","Há capacidade de processar e armazenar dados em escala?","Escalamento manual e lento","Auto-scaling parcial","Auto-scaling completo","Otimizado com gestão de custos","Manual and slow scaling","Frequent limitations","","tecnologia","13","6a24009c6f86448d61015083","2026-06-06T11:12:28.551000","2026-06-06T11:12:28.551000","6a1ffa8f65e8b7fd76edb32d","pedrooliveirarocha@gmail.com","false"
"H03","","Is executive leadership committed and informed about AI?","Executive sponsor identified","Active sponsor with allocated budget","Desinteresse ou desconhecimento","AI on the board's strategic agenda","A liderança executiva está comprometida e informada sobre IA?","Interesse vago, sem ação","Sponsor executivo identificado","Sponsor ativo com budget alocado","IA na agenda estratégica do board","Vague interest, no action","Disinterest or unawareness","","pessoas","21","6a24009c6f86448d61015084","2026-06-06T11:12:28.551000","2026-06-06T11:12:28.551000","6a1ffa8f65e8b7fd76edb32d","pedrooliveirarocha@gmail.com","false"
"G01","","Is there a strategic vision for the use of AI in the organisation?","Vision defined informally","Documented and communicated strategy","Não","Strategy integrated in the business plan","Existe uma visão estratégica para a utilização de IA na organização?","Curiosidade sem direção","Visão definida informalmente","Estratégia documentada e comunicada","Estratégia integrada no plano de negócio","Curiosity without direction","No","","estrategia","30","6a24009c6f86448d61015085","2026-06-06T11:12:28.551000","2026-06-06T11:12:28.551000","6a1ffa8f65e8b7fd76edb32d","pedrooliveirarocha@gmail.com","false"
"H02","","Are there internal competencies in data analytics, data science or ML engineering?","Small team or external resource","Dedicated team with solid competencies","Nenhuma","Data/AI Centre of Excellence (CoE)","Há competências internas de análise de dados, ciência de dados ou engenharia de ML?","1-2 pessoas com conhecimento básico","Equipa pequena ou recurso externo","Equipa dedicada com competências sólidas","CoE (Centre of Excellence) de dados/IA","1-2 people with basic knowledge","None","","pessoas","20","6a24009c6f86448d61015086","2026-06-06T11:12:28.551000","2026-06-06T11:12:28.551000","6a1ffa8f65e8b7fd76edb32d","pedrooliveirarocha@gmail.com","false"
"S05","","Does the organisation have the ability to audit decisions made by automated systems (explainability)?","Awareness of the requirement","Partial logging and auditing","Não","Explainability framework implemented","A organização tem capacidade de auditar decisões tomadas por sistemas automatizados (explicabilidade)?","Não aplicável ainda","Consciência do requisito","Logging e auditoria parciais","Explainability framework implementado","Not applicable yet","No","","seguranca","28","6a24009c6f86448d61015087","2026-06-06T11:12:28.551000","2026-06-06T11:12:28.551000","6a1ffa8f65e8b7fd76edb32d","pedrooliveirarocha@gmail.com","false"
"G02","","Is there a budget specifically allocated for AI initiatives?","Pilot budget defined","Annual budget with governance","Não","Multi-year strategic investment","Há budget alocado especificamente para iniciativas de IA?","Oportunístico / ad hoc","Budget piloto definido","Budget anual com governance","Investimento estratégico multi-ano","Opportunistic / ad hoc","No","","estrategia","31","6a24009c6f86448d61015088","2026-06-06T11:12:28.551000","2026-06-06T11:12:28.551000","6a1ffa8f65e8b7fd76edb32d","pedrooliveirarocha@gmail.com","false"
"P05","","Is it identified where AI would have the greatest impact (priority use case)?","1-2 cases identified without analysis","Prioritised cases with business case","Não","Case portfolio with estimated ROI","Está identificado onde a IA teria maior impacto (caso de uso prioritário)?","Ideias vagas","1-2 casos identificados sem análise","Casos priorizados com business case","Portfolio de casos com ROI estimado","Vague ideas","No","","processos","18","6a24009c6f86448d61015089","2026-06-06T11:12:28.551000","2026-06-06T11:12:28.551000","6a1ffa8f65e8b7fd76edb32d","pedrooliveirarocha@gmail.com","false"
"G04","","How is the success/ROI of technology initiatives measured?","Basic metrics post-project","Prior business case + post-measurement","Não é medido","Continuous value framework with adjustments","Como é medido o sucesso/ROI de iniciativas tecnológicas?","Perceção subjetiva","Métricas básicas pós-projeto","Business case prévio + medição pós","Framework de valor contínuo com ajustes","Subjective perception","Not measured","","estrategia","33","6a24009c6f86448d6101508a","2026-06-06T11:12:28.551000","2026-06-06T11:12:28.551000","6a1ffa8f65e8b7fd76edb32d","pedrooliveirarocha@gmail.com","false"
"P01","","Are critical business processes documented and mapped?","Partial documentation","Processes mapped and updated","Não","Mapped, measured, continuous improvement","Os processos de negócio críticos estão documentados e mapeados?","Conhecimento tácito em pessoas-chave","Documentação parcial","Processos mapeados e atualizados","Mapeados, medidos e em melhoria contínua","Tacit knowledge in key people","No","","processos","14","6a24009c6f86448d6101508b","2026-06-06T11:12:28.551000","2026-06-06T11:12:28.551000","6a1ffa8f65e8b7fd76edb32d","pedrooliveirarocha@gmail.com","false"
"S03","","Are there mature privacy and data protection policies (GDPR)?","Implemented in main processes","Regularly audited","Não ou muito básicas","Privacy by design in all projects","Existem políticas de privacidade e proteção de dados (RGPD) maduras?","Política existe mas não é seguida","Implementada nos processos principais","Auditada regularmente","Privacidade by design em todos os projetos","Policy exists but not followed","No or very basic","","seguranca","26","6a24009c6f86448d6101508c","2026-06-06T11:12:28.551000","2026-06-06T11:12:28.551000","6a1ffa8f65e8b7fd76edb32d","pedrooliveirarocha@gmail.com","false"
"D07","1.3 Volume e diversidade","Is there sufficient historical data (volume and time depth) to train/feed AI models?","1-2 years, in main systems","2-5 years, integrated","Menos de 6 meses ou insuficiente","+5 years, diversified and accessible","Existe histórico de dados suficiente (volume e profundidade temporal) para treinar/alimentar modelos?","6-12 meses, parcial","1-2 anos, nos sistemas principais","2-5 anos, integrado","+5 anos, diversificado e acessível","6-12 months, partial","Less than 6 months or insufficient","1.3 Volume and Diversity","dados","7","6a24009c6f86448d6101508d","2026-06-06T11:12:28.551000","2026-06-06T11:12:28.551000","6a1ffa8f65e8b7fd76edb32d","pedrooliveirarocha@gmail.com","false"
"T01","","Does the current infrastructure (cloud/on-prem/hybrid) support AI workloads?","Cloud with scalable capacity","Environment ready for ML/AI workloads","Infraestrutura legacy, sem cloud","AI-ready platform with GPU/TPU, MLOps","A infraestrutura atual (cloud/on-prem/híbrida) suporta cargas de trabalho de IA?","Cloud parcial, sem dimensionamento para IA","Cloud com capacidade escalável","Ambiente preparado para ML/AI workloads","Plataforma AI-ready com GPU/TPU, MLOps","Partial cloud, not sized for AI","Legacy infrastructure, no cloud","","tecnologia","9","6a24009c6f86448d6101508e","2026-06-06T11:12:28.551000","2026-06-06T11:12:28.551000","6a1ffa8f65e8b7fd76edb32d","pedrooliveirarocha@gmail.com","false"
"T02","","Are development/test environments separated from production?","Separated but manual","Automated environments (CI/CD)","Não","Mature DevOps/MLOps with complete pipelines","Existem ambientes de desenvolvimento/teste separados de produção?","Informal","Ambientes separados mas manuais","Ambientes automatizados (CI/CD)","DevOps/MLOps maduro com pipelines completas","Informal","No","","tecnologia","10","6a24009c6f86448d6101508f","2026-06-06T11:12:28.551000","2026-06-06T11:12:28.551000","6a1ffa8f65e8b7fd76edb32d","pedrooliveirarocha@gmail.com","false"
"D04","1.2 Governação de dados","Is a responsible data owner identified for each data domain?","Defined but not enforced","Defined, active with clear responsibilities","Não","Data owners with KPIs and periodic review","Existe um responsável (data owner) identificado para cada domínio de dados?","Em algumas áreas","Definido mas sem enforcement","Definido, ativo e com responsabilidades claras","Data owners com KPIs e revisão periódica","In some areas","No","1.2 Data Governance","dados","4","6a24009c6f86448d61015090","2026-06-06T11:12:28.551000","2026-06-06T11:12:28.551000","6a1ffa8f65e8b7fd76edb32d","pedrooliveirarocha@gmail.com","false"
"D05","1.2 Governação de dados","Are there formal policies for data retention, access and sharing?","Documented but rarely followed","Implemented and audited","Não existem","Automated and integrated into workflows","Há políticas formais de retenção, acesso e partilha de dados?","Informais / parciais","Documentadas mas pouco seguidas","Implementadas e auditadas","Automatizadas e integradas nos workflows","Informal / partial","None exist","1.2 Data Governance","dados","5","6a24009c6f86448d61015091","2026-06-06T11:12:28.551000","2026-06-06T11:12:28.551000","6a1ffa8f65e8b7fd76edb32d","pedrooliveirarocha@gmail.com","false"
"D08","1.3 Volume e diversidade","Does data include a variety of sources (structured, unstructured, real-time)?","Structured + some documents","Multi-source with some integration","Apenas folhas de cálculo","Multi-source, real-time, full integration","Os dados incluem variedade de fontes (estruturados, não estruturados, tempo real)?","Dados estruturados em BD","Estruturados + alguns documentos","Multi-fonte com alguma integração","Multi-fonte, tempo real, integração completa","Structured data in DB","Spreadsheets only","1.3 Volume and Diversity","dados","8","6a24009c6f86448d61015092","2026-06-06T11:12:28.551000","2026-06-06T11:12:28.551000","6a1ffa8f65e8b7fd76edb32d","pedrooliveirarocha@gmail.com","false"
"D01","1.1 Qualidade dos dados","Are critical business data identified and catalogued?","Catalogue exists but outdated","Catalogue maintained and updated","Não sabemos que dados temos","Automated catalogue with enriched metadata","Os dados críticos para o negócio estão identificados e catalogados?","Identificação parcial","Catálogo existe mas desatualizado","Catálogo mantido e atualizado","Catálogo automatizado com metadata enriquecida","Partial identification","We don't know what data we have","1.1 Data Quality","dados","1","6a24009c6f86448d61015093","2026-06-06T11:12:28.551000","2026-06-06T11:12:28.551000","6a1ffa8f65e8b7fd76edb32d","pedrooliveirarocha@gmail.com","false"
"P01","Documentação e mapeamento","Are critical business processes documented?","Formal documentation on critical processes","Documentation maintained and updated","Não documentados","Living repository with versioning and ownership","Os processos de negócio críticos estão documentados?","Documentação informal, parcial","Documentação formal nos processos críticos","Documentação mantida e atualizada","Repositório vivo com versionamento e ownership","Informal, partial documentation","Not documented","Documentation and mapping","AU_PROC","1","6a23f7b1afb245373265bc09","2026-06-06T10:34:25.344000","2026-06-06T10:43:20.962000","6a1ffa8f65e8b7fd76edb32d","pedrooliveirarocha@gmail.com","false"
"P02","Documentação e mapeamento","Is there a process map (BPMN or equivalent)?","Maps for some processes","Maps for most processes, with standard notation","Não","Active process mining, maps generated from real data","Existe um mapa de processos (BPMN ou equivalente)?","Diagramas pontuais","Mapas em alguns processos","Mapas para a maioria, com notação padrão","Process mining ativo, mapas gerados a partir de dados reais","Occasional diagrams","No","Documentation and mapping","AU_PROC","2","6a23f7b1afb245373265bc0a","2026-06-06T10:34:25.344000","2026-06-06T10:43:31.569000","6a1ffa8f65e8b7fd76edb32d","pedrooliveirarocha@gmail.com","false"
"P03","Documentação e mapeamento","Are steps, decision rules, and exceptions clearly defined?","Steps defined, partial exceptions","Steps + exceptions + rules documented","Não","Executable models (BPMN/DMN)","Os passos, regras de decisão e exceções estão claramente definidos?","Apenas o ""happy path""","Passos definidos, exceções parciais","Passos + exceções + regras documentadas","Modelos executáveis (BPMN/DMN)","Only the ""happy path""","No","Documentation and mapping","AU_PROC","3","6a23f7b1afb245373265bc0b","2026-06-06T10:34:25.344000","2026-06-06T10:43:57.986000","6a1ffa8f65e8b7fd76edb32d","pedrooliveirarocha@gmail.com","false"
"P04","Estabilidade e maturidade dos processos","Do processes have controlled variability or are they highly inconsistent?","Standardized with documented exceptions","Standardized and stable","Altamente inconsistentes","Optimized with continuous improvement cycle","Os processos têm variabilidade controlada ou são altamente inconsistentes?","Variáveis, muitas exceções","Padronizados com exceções documentadas","Padronizados e estáveis","Otimizados com ciclo de melhoria contínua","Variable, many exceptions","Highly inconsistent","Process stability and maturity","AU_PROC","4","6a23f7b1afb245373265bc0c","2026-06-06T10:34:25.344000","2026-06-06T10:43:55.331000","6a1ffa8f65e8b7fd76edb32d","pedrooliveirarocha@gmail.com","false"
"P05","Estabilidade e maturidade dos processos","How often do processes undergo structural changes?","Controlled but frequent changes","Changes managed with change management","Constantemente / imprevisível","Planned, stable evolution","Com que frequência os processos sofrem alterações estruturais?","Frequente, sem controlo","Alterações controladas mas frequentes","Alterações geridas com change management","Evolução planeada, estável","Frequent, uncontrolled","Constantly / unpredictable","Process stability and maturity","AU_PROC","5","6a23f7b1afb245373265bc0d","2026-06-06T10:34:25.344000","2026-06-06T10:43:49.581000","6a1ffa8f65e8b7fd76edb32d","pedrooliveirarocha@gmail.com","false"
"P06","Estabilidade e maturidade dos processos","Are there defined metrics (KPIs) for the processes to be automated?","KPIs defined but not monitored","KPIs monitored regularly","Não","Real-time dashboards","Existem métricas (KPIs) definidas para os processos a automatizar?","Métricas vagas","KPIs definidos mas não monitorizados","KPIs monitorizados regularmente","Dashboards em tempo real","Vague metrics","No","Process stability and maturity","AU_PROC","6","6a23f7b1afb245373265bc0e","2026-06-06T10:34:25.344000","2026-06-06T10:43:46.751000","6a1ffa8f65e8b7fd76edb32d","pedrooliveirarocha@gmail.com","false"
"P07","Identificação de candidatos","Does the organization systematically identify candidate processes for automation?","Informal identification process","Formal opportunity pipeline","Não","Process mining + automated idea management","A organização identifica sistematicamente processos candidatos a automação?","Ad hoc","Processo informal de identificação","Pipeline formal de oportunidades","Process mining + idea management automatizado","Ad hoc","No","Candidate identification","AU_PROC","7","6a23f7b1afb245373265bc0f","2026-06-06T10:34:25.344000","2026-06-06T10:43:43.963000","6a1ffa8f65e8b7fd76edb32d","pedrooliveirarocha@gmail.com","false"
"P08","Identificação de candidatos","Is there a methodology to assess technical feasibility and ROI of candidates?","Basic criteria defined","Scoring framework applied","Não","Quantitative model with automated prioritization","Existe metodologia para avaliar viabilidade técnica e ROI dos candidatos?","Avaliação subjetiva","Critérios básicos definidos","Framework de scoring aplicado","Modelo quantitativo com priorização automática","Subjective assessment","No","Candidate identification","AU_PROC","8","6a23f7b1afb245373265bc10","2026-06-06T10:34:25.344000","2026-06-06T10:43:52.174000","6a1ffa8f65e8b7fd76edb32d","pedrooliveirarocha@gmail.com","false"
"P09","Identificação de candidatos","Do processes have sufficient volumes and rules to justify automation?","Several processes with volume and stability","Identified portfolio of opportunities","Volumes baixos / regras instáveis","Continuous pipeline of validated opportunities","Os processos têm volumes e regras suficientes para justificar automação?","Alguns processos com volume","Vários processos com volume e estabilidade","Portfolio identificado de oportunidades","Pipeline contínuo de oportunidades validadas","Some processes with volume","Low volumes / unstable rules","Candidate identification","AU_PROC","9","6a23f7b1afb245373265bc11","2026-06-06T10:34:25.344000","2026-06-06T10:43:40.782000","6a1ffa8f65e8b7fd76edb32d","pedrooliveirarocha@gmail.com","false"
"T01","","Does the organization have automation tools implemented?","RPA or iPaaS in some processes","Consolidated automation platform","Nenhuma","Hyperautomation stack (RPA + iPaaS + BPM + AI)","A organização tem ferramentas de automação implementadas?","Macros, scripts ad hoc","RPA ou iPaaS em alguns processos","Plataforma de automação consolidada","Stack hiperautomação (RPA + iPaaS + BPM + IA)","Macros, ad hoc scripts","None","","AU_TECH","1","6a23f7b1afb245373265bc12","2026-06-06T10:34:25.344000","2026-06-06T10:44:58.897000","6a1ffa8f65e8b7fd76edb32d","pedrooliveirarocha@gmail.com","false"
"T02","","Does the current technology stack support integration with automation tools?","APIs in main systems","API-first in most systems","Sistemas legacy fechados","Event/service-oriented architecture","A stack tecnológica atual suporta integração com ferramentas de automação?","APIs limitadas, integração custosa","APIs nos sistemas principais","API-first na maioria","Arquitetura orientada a eventos/serviços","Limited APIs, costly integration","Closed legacy systems","","AU_TECH","2","6a23f7b1afb245373265bc13","2026-06-06T10:34:25.344000","2026-06-06T10:45:02.300000","6a1ffa8f65e8b7fd76edb32d","pedrooliveirarocha@gmail.com","false"
"T03","","Are there separate environments (dev, test, production) for automations?","Manual separate environments","Partial CI/CD for automations","Não","Mature DevOps for automations (RPA Ops)","Existem ambientes separados (dev, teste, produção) para automações?","Apenas produção","Ambientes separados manuais","CI/CD parcial para automações","DevOps maduro para automações (RPA Ops)","Production only","No","","AU_TECH","3","6a23f7b1afb245373265bc14","2026-06-06T10:34:25.344000","2026-06-06T10:45:04.681000","6a1ffa8f65e8b7fd76edb32d","pedrooliveirarocha@gmail.com","false"
"T04","","Do existing automations have monitoring and alerts?","Basic failure alerts","Full monitoring with SLAs","Não","Observability with automatic remediation","As automações existentes têm monitorização e alertas?","Verificação manual","Alertas básicos de falha","Monitorização completa com SLAs","Observabilidade com remediação automática","Manual verification","No","","AU_TECH","4","6a23f7b1afb245373265bc15","2026-06-06T10:34:25.344000","2026-06-06T10:45:07.134000","6a1ffa8f65e8b7fd76edb32d","pedrooliveirarocha@gmail.com","false"
"T05","","Is there capacity to scale automations (servers, licenses, runtimes)?","Planned scaling","Auto-scaling in some dimensions","Não escalável","Full elasticity, cost management","Existe capacidade de escalar automações (servidores, licenças, runtimes)?","Escalamento manual lento","Escalamento planeado","Auto-scaling em algumas dimensões","Elasticidade completa, gestão de custos","Slow manual scaling","Not scalable","","AU_TECH","5","6a23f7b1afb245373265bc16","2026-06-06T10:34:25.344000","2026-06-06T10:45:09.762000","6a1ffa8f65e8b7fd76edb32d","pedrooliveirarocha@gmail.com","false"
"I01","","Do core systems (ERP, CRM, etc.) expose APIs for automation?","APIs in main systems","Documented and versioned APIs","Não","API gateway, API catalog","Os sistemas core (ERP, CRM, etc.) expõem APIs para automação?","Algumas APIs limitadas","APIs nos principais","APIs documentadas e versionadas","API gateway, catálogo de APIs","Some limited APIs","No","","AU_INT","1","6a23f7b1afb245373265bc17","2026-06-06T10:34:25.344000","2026-06-06T10:45:43.530000","6a1ffa8f65e8b7fd76edb32d","pedrooliveirarocha@gmail.com","false"
"I02","","Is there an integration layer (iPaaS, ESB, middleware)?","iPaaS partially implemented","iPaaS as standard","Não, integrações ponto-a-ponto","Unified and governed integration platform","Existe uma camada de integração (iPaaS, ESB, middleware)?","Integrações pontuais com tools","iPaaS implementado parcialmente","iPaaS como standard","Plataforma de integração unificada e governada","Occasional integrations with tools","No, point-to-point integrations","","AU_INT","2","6a23f7b1afb245373265bc18","2026-06-06T10:34:25.344000","2026-06-06T10:45:47.521000","6a1ffa8f65e8b7fd76edb32d","pedrooliveirarocha@gmail.com","false"
"I03","","Do automations rely on UI scraping (traditional RPA) or use APIs?","Mixed UI + API","Mostly API","100% UI scraping","API-first; UI scraping only as an exception","As automações dependem de UI scraping (RPA tradicional) ou usam APIs?","Maioritariamente UI scraping","Misto UI + API","Maioritariamente API","API-first; UI scraping apenas como exceção","Mostly UI scraping","100% UI scraping","","AU_INT","3","6a23f7b1afb245373265bc19","2026-06-06T10:34:25.344000","2026-06-06T10:45:49.997000","6a1ffa8f65e8b7fd76edb32d","pedrooliveirarocha@gmail.com","false"
"I04","","Do the data feeding the automations have quality and consistency?","Acceptable quality in core systems","Quality monitored","Inconsistentes / desconhecida","Quality assured with data governance","Os dados que alimentam as automações têm qualidade e consistência?","Dependem de limpeza manual","Qualidade aceitável nos sistemas core","Qualidade monitorizada","Qualidade garantida com data governance","Rely on manual cleansing","Inconsistent / unknown","","AU_INT","4","6a23f7b1afb245373265bc1a","2026-06-06T10:34:25.344000","2026-06-06T10:45:53.074000","6a1ffa8f65e8b7fd76edb32d","pedrooliveirarocha@gmail.com","false"
"I05","","Does the architecture support automations resilient to system changes?","Some defensive practices","Resilience practices implemented","Quebram com qualquer alteração","Self-healing, proactive change detection","A arquitetura suporta automações resilientes a alterações nos sistemas?","Quebras frequentes","Algumas práticas defensivas","Práticas de resilience implementadas","Self-healing, deteção proativa de mudanças","Frequent breakages","Break with any change","","AU_INT","5","6a23f7b1afb245373265bc1b","2026-06-06T10:34:25.344000","2026-06-06T10:45:55.805000","6a1ffa8f65e8b7fd76edb32d","pedrooliveirarocha@gmail.com","false"
"H01","","Are there internal skills to design and develop automations?","Small team or external partner","Dedicated team","Nenhuma","Established CoE with developers, BAs, architects","Existem competências internas para desenhar e desenvolver automações?","1-2 pessoas com conhecimento básico","Equipa pequena ou parceiro externo","Equipa dedicada","CoE estabelecido com developers, BAs, arquitetos","1-2 people with basic knowledge","None","","AU_SKILL","1","6a23f7b1afb245373265bc1c","2026-06-06T10:34:25.344000","2026-06-06T10:46:28.241000","6a1ffa8f65e8b7fd76edb32d","pedrooliveirarocha@gmail.com","false"
"H02","","Is there a Business Analyst profile capable of identifying and designing opportunities?","Role defined in some areas","Established role","Não","Automation BAs in all relevant areas","Existe um perfil de Business Analyst capaz de identificar e desenhar oportunidades?","Função informal","Função definida em algumas áreas","Função estabelecida","BAs de automação em todas as áreas relevantes","Informal role","No","","AU_SKILL","2","6a23f7b1afb245373265bc1d","2026-06-06T10:34:25.344000","2026-06-06T10:46:30.609000","6a1ffa8f65e8b7fd76edb32d","pedrooliveirarocha@gmail.com","false"
"H03","","Do business users have the capability to create their own automations (citizen developers)?","Low-code platform available","Active citizen developer program","Não","Fusion teams (business + IT) with governance","Os utilizadores de negócio têm capacidade de criar suas próprias automações (citizen developers)?","Tentativas isoladas com Excel/macros","Plataforma low-code disponível","Programa de citizen developers ativo","Fusion teams (negócio + TI) com governança","Isolated attempts with Excel/macros","No","","AU_SKILL","3","6a23f7b1afb245373265bc1e","2026-06-06T10:34:25.344000","2026-06-06T10:46:33.091000","6a1ffa8f65e8b7fd76edb32d","pedrooliveirarocha@gmail.com","false"
"H04","","Is there ongoing training in automation tools and methods?","Basic training plan","Structured training program","Não","Internal academy, certifications, community","Existe formação contínua em ferramentas e métodos de automação?","Formação pontual","Plano básico de formação","Programa estruturado de formação","Academia interna, certificações, comunidade","Occasional training","No","","AU_SKILL","4","6a23f7b1afb245373265bc1f","2026-06-06T10:34:25.344000","2026-06-06T10:46:35.841000","6a1ffa8f65e8b7fd76edb32d","pedrooliveirarocha@gmail.com","false"
"H05","","Is there cultural resistance to automation (fear of job loss, change)?","Some openness in pilots","Widespread openness with change champions","Resistência muito elevada","Culture of automation as an ally","Há resistência cultural à automação (medo de perda de emprego, mudança)?","Resistência significativa","Alguma abertura em pilotos","Abertura generalizada com change champions","Cultura de automação como aliada","Significant resistance","Very high resistance","","AU_SKILL","5","6a23f7b1afb245373265bc20","2026-06-06T10:34:25.344000","2026-06-06T10:46:38.477000","6a1ffa8f65e8b7fd76edb32d","pedrooliveirarocha@gmail.com","false"
"G01","","Is there a Center of Excellence (CoE) or equivalent function for automation?","CoE formed, still immature","Active CoE with methods and templates","Não","Mature CoE with federated model","Existe um Centro de Excelência (CoE) ou função equivalente para automação?","Iniciativa em discussão","CoE formado, ainda imaturo","CoE ativo com métodos e templates","CoE maduro com modelo federativo","Initiative under discussion","No","","AU_GOV","1","6a23f7b1afb245373265bc21","2026-06-06T10:34:25.344000","2026-06-06T10:47:03.952000","6a1ffa8f65e8b7fd76edb32d","pedrooliveirarocha@gmail.com","false"
"G02","","Is there a formal process for evaluating and approving new automations?","Basic pipeline defined","Formal pipeline with gates","Não, ad hoc","Automated pipeline with continuous prioritization","Há um processo formal de avaliação e aprovação de novas automações?","Aprovação informal","Pipeline básico definido","Pipeline formal com gates","Pipeline automatizado com priorização contínua","Informal approval","No, ad hoc","","AU_GOV","2","6a23f7b1afb245373265bc22","2026-06-06T10:34:25.344000","2026-06-06T10:47:11.565000","6a1ffa8f65e8b7fd76edb32d","pedrooliveirarocha@gmail.com","false"
"G03","","Do automations have a managed lifecycle (design → development → production → maintenance → decommissioning)?","Partial cycle","Full cycle defined","Não","Automated cycle with observability","As automações têm ciclo de vida gerido (desenho → desenvolvimento → produção → manutenção → descontinuação)?","Apenas desenvolvimento","Ciclo parcial","Ciclo completo definido","Ciclo automatizado com observability","Development only","No","","AU_GOV","3","6a23f7b1afb245373265bc23","2026-06-06T10:34:25.344000","2026-06-06T10:47:06.560000","6a1ffa8f65e8b7fd76edb32d","pedrooliveirarocha@gmail.com","false"
"G04","","Are there documented standards, templates, and best practices?","Basic documentation","Standards applied and audited","Não","Standards integrated into tools","Existem standards, templates e boas práticas documentadas?","Conhecimento tácito","Documentação básica","Standards aplicados e auditados","Standards integrados nas ferramentas","Tacit knowledge","No","","AU_GOV","4","6a23f7b1afb245373265bc24","2026-06-06T10:34:25.344000","2026-06-06T10:47:14.121000","6a1ffa8f65e8b7fd76edb32d","pedrooliveirarocha@gmail.com","false"
"G05","","Who is responsible for maintenance and support of automations in production?","Defined role but with gaps","Dedicated support team","Ninguém / não definido","Multi-tier support model with SLAs","Quem é responsável pela manutenção e suporte das automações em produção?","Ad hoc, na pessoa que desenvolveu","Função definida mas com gaps","Equipa de suporte dedicada","Modelo de suporte multinível com SLAs","Ad hoc, on the person who developed it","Nobody / not defined","","AU_GOV","5","6a23f7b1afb245373265bc25","2026-06-06T10:34:25.344000","2026-06-06T10:47:16.676000","6a1ffa8f65e8b7fd76edb32d","pedrooliveirarocha@gmail.com","false"
"G06","","Is there specific risk management for automations (audit, control, segregation of duties)?","Initial assessment","Risk framework applied","Não","Continuous audit, automated controls","Existe gestão de riscos específica para automações (auditoria, controlo, segregação de funções)?","Não aplicável ainda","Avaliação inicial","Framework de risco aplicado","Auditoria contínua, controlos automáticos","Not applicable yet","No","","AU_GOV","6","6a23f7b1afb245373265bc26","2026-06-06T10:34:25.344000","2026-06-06T10:47:19.586000","6a1ffa8f65e8b7fd76edb32d","pedrooliveirarocha@gmail.com","false"
"E01","","Is there budget specifically allocated to automation initiatives?","Occasional project budget","Annual budget with governance","Não","Multi-year strategic investment","Existe orçamento alocado especificamente para iniciativas de automação?","Oportunístico, sem rubrica","Budget pontual para projetos","Budget anual com governance","Investimento estratégico multi-ano","Opportunistic, no budget line","No","","AU_ECON","1","6a23f7b1afb245373265bc27","2026-06-06T10:34:25.344000","2026-06-06T10:47:41.781000","6a1ffa8f65e8b7fd76edb32d","pedrooliveirarocha@gmail.com","false"
"E02","","Is the ROI of automations in production measured?","Basic post-project measurement","Continuous measurement of FTEs/savings","Não","Continuous value model with benchmarks","É medido o ROI das automações em produção?","Estimativas pré-projeto, sem follow-up","Medição básica pós-projeto","Medição contínua de FTEs/poupança","Modelo de valor contínuo com benchmarks","Pre-project estimates, no follow-up","No","","AU_ECON","2","6a23f7b1afb245373265bc28","2026-06-06T10:34:25.344000","2026-06-06T10:47:44.723000","6a1ffa8f65e8b7fd76edb32d","pedrooliveirarocha@gmail.com","false"
"E03","","Are there formal business cases before moving forward with automations?","Basic business case","Business case with standard criteria","Não","Quantitative model with simulations","Existem business cases formais antes de avançar com automações?","Justificação informal","Business case básico","Business case com critérios standard","Modelo quantitativo com simulações","Informal justification","No","","AU_ECON","3","6a23f7b1afb245373265bc29","2026-06-06T10:34:25.344000","2026-06-06T10:47:47.566000","6a1ffa8f65e8b7fd76edb32d","pedrooliveirarocha@gmail.com","false"
"E04","","Does the organization account for savings, freed capacity, and qualitative gains?","Savings + capacity","Comprehensive model with indicators","Não","Integrated model with financial management","A organização contabiliza poupanças, capacidade libertada e ganhos qualitativos?","Apenas poupanças óbvias","Poupanças + capacidade","Modelo abrangente com indicadores","Modelo integrado com gestão financeira","Only obvious savings","No","","AU_ECON","4","6a23f7b1afb245373265bc2a","2026-06-06T10:34:25.344000","2026-06-06T10:47:49.886000","6a1ffa8f65e8b7fd76edb32d","pedrooliveirarocha@gmail.com","false"
"E05","","Are licensing, infrastructure, and maintenance costs of automations managed?","Managed with predictability","Periodically optimized","Desconhecidos","FinOps management applied","Os custos de licenciamento, infraestrutura e manutenção das automações são geridos?","Conhecidos parcialmente","Geridos com previsibilidade","Otimizados periodicamente","Gestão FinOps aplicada","Partially known","Unknown","","AU_ECON","5","6a23f7b1afb245373265bc2b","2026-06-06T10:34:25.344000","2026-06-06T10:47:52.535000","6a1ffa8f65e8b7fd76edb32d","pedrooliveirarocha@gmail.com","false"
"S01","","Is there an automation strategy aligned with the business strategy?","Informal strategy","Documented and communicated strategy","Não","Strategy integrated into the business plan","Existe uma estratégia de automação alinhada com a estratégia de negócio?","Curiosidade sem direção","Estratégia informal","Estratégia documentada e comunicada","Estratégia integrada no plano de negócio","Curiosity without direction","No","","AU_STRAT","1","6a23f7b1afb245373265bc2c","2026-06-06T10:34:25.344000","2026-06-06T10:48:12.116000","6a1ffa8f65e8b7fd76edb32d","pedrooliveirarocha@gmail.com","false"
"S02","","Is executive leadership committed and active in automation?","Sponsor identified","Active sponsor with OKRs","Desinteresse","Automation on the board's agenda","A liderança executiva está comprometida e ativa em automação?","Interesse vago","Sponsor identificado","Sponsor ativo com OKRs","Automação na agenda do board","Vague interest","Disinterest","","AU_STRAT","2","6a23f7b1afb245373265bc2d","2026-06-06T10:34:25.344000","2026-06-06T10:48:14.605000","6a1ffa8f65e8b7fd76edb32d","pedrooliveirarocha@gmail.com","false"
"S03","","Is there a clear vision on the balance between automation and workforce?","Defined principles","Explicit transition and reskilling plan","Não discutido","""Future of Work"" model implemented","Existe uma visão clara sobre o equilíbrio entre automação e força de trabalho?","Discussões ad hoc","Princípios definidos","Plano explícito de transição e requalificação","Modelo ""Future of Work"" implementado","Ad hoc discussions","Not discussed","","AU_STRAT","3","6a23f7b1afb245373265bc2e","2026-06-06T10:34:25.344000","2026-06-06T10:48:16.974000","6a1ffa8f65e8b7fd76edb32d","pedrooliveirarocha@gmail.com","false"
"S04","","Does the organization have ambition in hyperautomation (combination of RPA + AI + BPM)?","Exploratory pilots","Hyperautomation program","Não","Hyperautomation as a core capability","A organização tem ambição em hiperautomação (combinação de RPA + IA + BPM)?","Curiosidade inicial","Pilotos exploratórios","Programa de hiperautomação","Hiperautomação como capacidade core","Initial curiosity","No","","AU_STRAT","4","6a23f7b1afb245373265bc2f","2026-06-06T10:34:25.344000","2026-06-06T10:48:19.229000","6a1ffa8f65e8b7fd76edb32d","pedrooliveirarocha@gmail.com","false"
"S05","","Is automation communicated as a competitive advantage (internally and externally)?","Occasional internal communication","Structured communication","Não","Strategic positioning and public narrative","A automação é comunicada como vantagem competitiva (interna e externamente)?","Pouco visível","Comunicação interna pontual","Comunicação estruturada","Posicionamento estratégico e narrativa pública","Little visibility","No","","AU_STRAT","5","6a23f7b1afb245373265bc30","2026-06-06T10:34:25.344000","2026-06-06T10:48:21.723000","6a1ffa8f65e8b7fd76edb32d","pedrooliveirarocha@gmail.com","false"